"modules","drugs","module_size","DEG_up","DEG_down","drug_module_genes","DE_up_drug","DE_down_drug","p_value","adjusted_pvalue"
"1","tretinoin-1152-up","9","3","0","1","0","0","0.0441188457824273","0.0441188457824273"
"1","azathioprine-5627-up","9","3","0","1","0","0","0.0441188457824273","0.0441188457824273"
"1","dobutamine-1589-up","9","3","0","1","0","0","0.0441188457824273","0.0441188457824273"
"1","picrotoxinin-2161-up","9","3","0","1","1","0","0.0441188457824273","0.0441188457824273"
"1","tretinoin-2671-up","9","3","0","1","0","0","0.0441188457824273","0.0441188457824273"
"1","tretinoin-6170-up","9","3","0","1","0","0","0.0441188457824273","0.0441188457824273"
"1","piromidic acid-4398-up","9","3","0","1","0","0","0.0441188457824273","0.0441188457824273"
"1","nabumetone-6487-up","9","3","0","1","0","0","0.0441188457824273","0.0441188457824273"
"1","lobelanidine-2897-up","9","3","0","1","0","0","0.0441188457824273","0.0441188457824273"
"1","practolol-4603-up","9","3","0","2","1","0","0.000870867194754317","0.0209008126741036"
"1","halcinonide-2185-up","9","3","0","1","0","0","0.0441188457824273","0.0441188457824273"
"1","benserazide-6482-up","9","3","0","1","0","0","0.0441188457824273","0.0441188457824273"
"1","dimethadione-4607-up","9","3","0","2","1","0","0.000870867194754317","0.0209008126741036"
"1","cinchocaine-4068-up","9","3","0","1","1","0","0.0441188457824273","0.0441188457824273"
"1","cycloserine-6782-up","9","3","0","2","0","0","0.000870867194754317","0.0209008126741036"
"2","vorinostat-1161-dn","16","2","0","1","0","0","NA","NA"
"2","vorinostat-6179-dn","16","2","0","1","0","0","NA","NA"
"2","trichostatin A-1175-dn","16","2","0","1","0","0","NA","NA"
"2","trichostatin A-6193-dn","16","2","0","2","0","0","0.00283741499181759","0.0770964289305897"
"2","vorinostat-2680-dn","16","2","0","1","0","0","NA","NA"
"2","LY-294002-2696-dn","16","2","0","1","0","0","NA","NA"
"2","lycorine-2195-dn","16","2","0","1","0","0","NA","NA"
"2","LY-294002-6198-dn","16","2","0","1","0","0","NA","NA"
"2","valproic acid-410-dn","16","2","0","2","0","0","0.00283741499181759","0.0770964289305897"
"2","albendazole-1547-dn","16","2","0","1","0","0","NA","NA"
"2","trichostatin A-2694-dn","16","2","0","1","0","0","NA","NA"
"2","mepacrine-1563-dn","16","2","0","1","0","0","NA","NA"
"2","lasalocid-3021-dn","16","2","0","1","0","0","NA","NA"
"2","raloxifene-376-dn","16","2","0","1","0","0","NA","NA"
"2","15-delta prostaglandin J2-2691-dn","16","2","0","1","0","0","NA","NA"
"2","Prestwick-983-3141-up","16","2","0","1","0","0","NA","NA"
"2","dobutamine-1589-up","16","2","0","1","0","0","NA","NA"
"2","emetine-2145-up","16","2","0","1","0","0","NA","NA"
"2","methylergometrine-1607-up","16","2","0","1","0","0","NA","NA"
"2","droperidol-5690-up","16","2","0","1","0","0","NA","NA"
"2","cephaeline-2429-up","16","2","0","1","0","0","NA","NA"
"2","decamethonium bromide-4094-up","16","2","0","1","0","0","NA","NA"
"2","benzamil-3635-up","16","2","0","1","0","0","NA","NA"
"2","solasodine-6025-up","16","2","0","1","0","0","NA","NA"
"2","piromidic acid-4398-up","16","2","0","1","0","0","NA","NA"
"2","crotamiton-5689-up","16","2","0","2","0","0","0.00283741499181759","0.0595857148281695"
"2","pergolide-2403-up","16","2","0","1","0","0","NA","NA"
"2","alprostadil-2938-up","16","2","0","1","0","0","NA","NA"
"2","dihydroergotamine-1398-up","16","2","0","1","0","0","NA","NA"
"2","halcinonide-2185-up","16","2","0","1","0","0","NA","NA"
"2","chlorzoxazone-2263-up","16","2","0","2","0","0","0.00283741499181759","0.0595857148281695"
"2","zuclopenthixol-4261-up","16","2","0","1","0","0","NA","NA"
"2","remoxipride-5443-up","16","2","0","1","1","0","NA","NA"
"2","methoxsalen-6661-up","16","2","0","1","0","0","NA","NA"
"2","heliotrine-4277-up","16","2","0","1","0","0","NA","NA"
"2","benserazide-6482-up","16","2","0","1","1","0","NA","NA"
"2","demeclocycline-4267-up","16","2","0","1","0","0","NA","NA"
"3","LY-294002-6186-dn","7","3","0","1","0","0","0.0344842492004147","0.0344842492004147"
"3","LY-294002-2696-dn","7","3","0","1","0","0","0.0344842492004147","0.0344842492004147"
"3","trichostatin A-1306-dn","7","3","0","1","0","0","0.0344842492004147","0.0344842492004147"
"3","netilmicin-2963-dn","7","3","0","1","0","0","0.0344842492004147","0.0344842492004147"
"3","Prestwick-983-3141-up","7","3","0","1","0","0","0.0344842492004147","0.0344842492004147"
"3","emetine-2145-up","7","3","0","1","0","0","0.0344842492004147","0.0344842492004147"
"3","picrotoxinin-2161-up","7","3","0","1","1","0","0.0344842492004147","0.0344842492004147"
"3","cephaeline-2429-up","7","3","0","1","0","0","0.0344842492004147","0.0344842492004147"
"3","ivermectin-2213-up","7","3","0","1","0","0","0.0344842492004147","0.0344842492004147"
"3","decamethonium bromide-4094-up","7","3","0","1","0","0","0.0344842492004147","0.0344842492004147"
"3","nicotinic acid-3381-up","7","3","0","1","0","0","0.0344842492004147","0.0344842492004147"
"3","crotamiton-5689-up","7","3","0","1","0","0","0.0344842492004147","0.0344842492004147"
"3","nabumetone-6487-up","7","3","0","2","0","0","0.00051133277923463","0.0110168971526007"
"3","lobelanidine-2897-up","7","3","0","1","0","0","0.0344842492004147","0.0344842492004147"
"3","practolol-4603-up","7","3","0","1","1","0","0.0344842492004147","0.0344842492004147"
"3","selegiline-4065-up","7","3","0","1","0","0","0.0344842492004147","0.0344842492004147"
"3","benserazide-6482-up","7","3","0","1","0","0","0.0344842492004147","0.0344842492004147"
"3","dimethadione-4607-up","7","3","0","1","1","0","0.0344842492004147","0.0344842492004147"
"3","piperacillin-3939-up","7","3","0","1","0","0","0.0344842492004147","0.0344842492004147"
"3","tolazoline-4262-up","7","3","0","1","0","0","0.0344842492004147","0.0344842492004147"
"3","cinchocaine-4068-up","7","3","0","2","1","0","0.00051133277923463","0.0110168971526007"
"3","cycloserine-6782-up","7","3","0","1","0","0","0.0344842492004147","0.0344842492004147"
"3","pyridoxine-1759-up","7","3","0","1","0","0","0.0344842492004147","0.0344842492004147"
"4","vorinostat-1161-dn","3","2","0","1","1","0","0.0149257388776811","0.0149257388776811"
"4","vorinostat-6179-dn","3","2","0","1","1","0","0.0149257388776811","0.0149257388776811"
"4","trichostatin A-1175-dn","3","2","0","1","1","0","0.0149257388776811","0.0149257388776811"
"4","trichostatin A-6193-dn","3","2","0","1","1","0","0.0149257388776811","0.0149257388776811"
"4","vorinostat-2680-dn","3","2","0","1","1","0","0.0149257388776811","0.0149257388776811"
"4","LY-294002-6186-dn","3","2","0","2","2","0","7.40079231941855e-05","0.00187980124913231"
"4","LY-294002-2696-dn","3","2","0","2","1","0","7.40079231941855e-05","0.00187980124913231"
"4","LY-294002-6195-dn","3","2","0","1","1","0","0.0149257388776811","0.0149257388776811"
"4","papaverine-1755-dn","3","2","0","2","2","0","7.40079231941855e-05","0.00187980124913231"
"4","LY-294002-6198-dn","3","2","0","1","1","0","0.0149257388776811","0.0149257388776811"
"4","albendazole-1547-dn","3","2","0","1","1","0","0.0149257388776811","0.0149257388776811"
"4","anisomycin-1304-dn","3","2","0","1","0","0","0.0149257388776811","0.0149257388776811"
"4","trichostatin A-2694-dn","3","2","0","1","1","0","0.0149257388776811","0.0149257388776811"
"4","mepacrine-1563-dn","3","2","0","2","1","0","7.40079231941855e-05","0.00187980124913231"
"4","trichostatin A-1306-dn","3","2","0","1","1","0","0.0149257388776811","0.0149257388776811"
"4","ellipticine-1765-dn","3","2","0","3","2","0","1.2127852619685e-07","3.0804745654e-05"
"4","atovaquone-2480-dn","3","2","0","1","1","0","0.0149257388776811","0.0149257388776811"
"4","trichostatin A-1400-dn","3","2","0","1","1","0","0.0149257388776811","0.0149257388776811"
"4","colchicine-1598-dn","3","2","0","1","1","0","0.0149257388776811","0.0149257388776811"
"4","valinomycin-5962-up","3","2","0","2","2","0","7.40079231941855e-05","0.000304254795353874"
"4","pizotifen-5072-up","3","2","0","2","2","0","7.40079231941855e-05","0.000304254795353874"
"4","ivermectin-2213-up","3","2","0","2","2","0","7.40079231941855e-05","0.000304254795353874"
"4","benzamil-3635-up","3","2","0","2","2","0","7.40079231941855e-05","0.000304254795353874"
"4","norcyclobenzaprine-4190-up","3","2","0","2","2","0","7.40079231941855e-05","0.000304254795353874"
"4","valinomycin-5911-up","3","2","0","2","2","0","7.40079231941855e-05","0.000304254795353874"
"4","MG-262-7068-up","3","2","0","1","1","0","0.0149257388776811","0.0149257388776811"
"4","pimozide-6780-up","3","2","0","2","2","0","7.40079231941855e-05","0.000304254795353874"
"4","dicycloverine-4405-up","3","2","0","1","1","0","0.0149257388776811","0.0149257388776811"
"4","MG-262-7079-up","3","2","0","1","1","0","0.0149257388776811","0.0149257388776811"
"4","pyrvinium-6339-up","3","2","0","2","2","0","7.40079231941855e-05","0.000304254795353874"
"5","LY-294002-6186-dn","11","2","0","1","0","0","NA","NA"
"5","LY-294002-2696-dn","11","2","0","1","0","0","NA","NA"
"5","LY-294002-6198-dn","11","2","0","1","0","0","NA","NA"
"5","trichostatin A-1306-dn","11","2","0","2","0","0","0.0013218400851343","0.015159853476384"
"5","atovaquone-2480-dn","11","2","0","1","0","0","NA","NA"
"5","wortmannin-6202-dn","11","2","0","2","0","0","0.0013218400851343","0.015159853476384"
"5","netilmicin-2963-dn","11","2","0","1","0","0","NA","NA"
"5","raloxifene-376-dn","11","2","0","1","0","0","NA","NA"
"5","phenylpropanolamine-3217-up","11","2","0","1","0","0","NA","NA"
"5","azathioprine-5627-up","11","2","0","1","0","0","NA","NA"
"5","Prestwick-983-3141-up","11","2","0","1","0","0","NA","NA"
"5","betamethasone-1590-up","11","2","0","1","0","0","NA","NA"
"5","dobutamine-1589-up","11","2","0","1","0","0","NA","NA"
"5","tretinoin-1548-up","11","2","0","1","0","0","NA","NA"
"5","picrotoxinin-2161-up","11","2","0","1","1","0","NA","NA"
"5","droperidol-5690-up","11","2","0","1","0","0","NA","NA"
"5","crotamiton-5689-up","11","2","0","1","0","0","NA","NA"
"5","imipramine-5440-up","11","2","0","1","0","0","NA","NA"
"5","guaifenesin-3897-up","11","2","0","1","0","0","NA","NA"
"5","lithocholic acid-2571-up","11","2","0","1","0","0","NA","NA"
"5","practolol-4603-up","11","2","0","1","1","0","NA","NA"
"5","zuclopenthixol-4261-up","11","2","0","1","0","0","NA","NA"
"5","selegiline-4065-up","11","2","0","1","1","0","NA","NA"
"5","labetalol-1550-up","11","2","0","1","0","0","NA","NA"
"5","hydralazine-2311-up","11","2","0","2","0","0","0.0013218400851343","0.0389502211752908"
"5","dimethadione-4607-up","11","2","0","1","1","0","NA","NA"
"5","piperacillin-3939-up","11","2","0","1","1","0","NA","NA"
"5","cinchocaine-4068-up","11","2","0","2","2","0","0.0013218400851343","0.0389502211752908"
"5","pyridoxine-1759-up","11","2","0","2","0","0","0.0013218400851343","0.0389502211752908"
"6","LY-294002-6186-dn","4","2","0","1","0","0","0.0198518267597581","0.0198518267597581"
"6","LY-294002-2696-dn","4","2","0","1","0","0","0.0198518267597581","0.0198518267597581"
"6","LY-294002-6195-dn","4","2","0","1","0","0","0.0198518267597581","0.0198518267597581"
"6","LY-294002-6198-dn","4","2","0","1","0","0","0.0198518267597581","0.0198518267597581"
"6","quinpirole-2977-dn","4","2","0","1","0","0","0.0198518267597581","0.0198518267597581"
"6","chlorzoxazone-2263-up","4","2","0","1","0","0","0.0198518267597581","0.0198518267597581"
"6","selegiline-4065-up","4","2","0","1","0","0","0.0198518267597581","0.0198518267597581"
"6","dimethadione-4607-up","4","2","0","1","0","0","0.0198518267597581","0.0198518267597581"
"7","vorinostat-1161-dn","15","1","1","1","0","0","NA","NA"
"7","vorinostat-6179-dn","15","1","1","2","0","0","0.00249083430520832","0.0629825245745531"
"7","trichostatin A-1175-dn","15","1","1","1","0","0","NA","NA"
"7","trichostatin A-6193-dn","15","1","1","2","0","0","0.00249083430520832","0.0629825245745531"
"7","vorinostat-2680-dn","15","1","1","1","0","0","NA","NA"
"7","papaverine-1755-dn","15","1","1","1","0","0","NA","NA"
"7","valproic acid-410-dn","15","1","1","2","0","0","0.00249083430520832","0.0629825245745531"
"7","alprostadil-2938-dn","15","1","1","1","0","0","NA","NA"
"7","parthenolide-1736-dn","15","1","1","1","0","0","NA","NA"
"7","trichostatin A-2694-dn","15","1","1","1","0","0","NA","NA"
"7","trichostatin A-1306-dn","15","1","1","1","0","0","NA","NA"
"7","piperlongumine-1764-dn","15","1","1","1","0","0","NA","NA"
"7","netilmicin-2963-dn","15","1","1","1","0","0","NA","NA"
"7","trichostatin A-1400-dn","15","1","1","1","0","0","NA","NA"
"7","tretinoin-1152-up","15","1","1","1","0","0","NA","NA"
"7","phenylpropanolamine-3217-up","15","1","1","3","0","0","5.2826809188519e-05","0.0194930925905635"
"7","betamethasone-1590-up","15","1","1","1","0","0","NA","NA"
"7","tretinoin-1548-up","15","1","1","1","0","0","NA","NA"
"7","tretinoin-2671-up","15","1","1","1","0","0","NA","NA"
"7","tretinoin-6170-up","15","1","1","1","0","0","NA","NA"
"7","decamethonium bromide-4094-up","15","1","1","1","0","0","NA","NA"
"7","solasodine-6025-up","15","1","1","1","0","0","NA","NA"
"7","crotamiton-5689-up","15","1","1","1","0","0","NA","NA"
"7","practolol-4603-up","15","1","1","1","0","0","NA","NA"
"7","zuclopenthixol-4261-up","15","1","1","1","0","0","NA","NA"
"7","remoxipride-5443-up","15","1","1","1","1","0","NA","NA"
"7","heliotrine-4277-up","15","1","1","1","0","1","NA","NA"
"7","dimethadione-4607-up","15","1","1","2","0","1","0.00249083430520832","0.0707013737401437"
"8","lycorine-2195-dn","18","2","0","1","0","0","NA","NA"
"8","albendazole-1547-dn","18","2","0","1","0","0","NA","NA"
"8","raloxifene-376-dn","18","2","0","1","0","0","NA","NA"
"8","dicloxacillin-2445-dn","18","2","0","1","0","0","NA","NA"
"8","tretinoin-1152-up","18","2","0","2","0","0","0.00359423711737408","0.0819050397656154"
"8","Prestwick-983-3141-up","18","2","0","1","0","0","NA","NA"
"8","dobutamine-1589-up","18","2","0","1","0","0","NA","NA"
"8","tretinoin-1548-up","18","2","0","1","0","0","NA","NA"
"8","emetine-2145-up","18","2","0","1","0","0","NA","NA"
"8","mebendazole-2338-up","18","2","0","1","0","0","NA","NA"
"8","droperidol-5690-up","18","2","0","1","0","0","NA","NA"
"8","tretinoin-2671-up","18","2","0","1","0","0","NA","NA"
"8","tretinoin-6170-up","18","2","0","2","0","0","0.00359423711737408","0.0819050397656154"
"8","solasodine-6025-up","18","2","0","1","0","0","NA","NA"
"8","piromidic acid-4398-up","18","2","0","1","0","0","NA","NA"
"8","crotamiton-5689-up","18","2","0","2","0","0","0.00359423711737408","0.0819050397656154"
"8","pergolide-2403-up","18","2","0","2","0","0","0.00359423711737408","0.0819050397656154"
"8","valinomycin-5911-up","18","2","0","1","0","0","NA","NA"
"8","alprostadil-2938-up","18","2","0","1","0","0","NA","NA"
"8","tanespimycin-4430-up","18","2","0","1","0","0","NA","NA"
"8","dihydroergotamine-1398-up","18","2","0","2","0","0","0.00359423711737408","0.0819050397656154"
"8","halcinonide-2185-up","18","2","0","1","0","0","NA","NA"
"8","remoxipride-5443-up","18","2","0","1","1","0","NA","NA"
"8","methoxsalen-6661-up","18","2","0","2","0","0","0.00359423711737408","0.0819050397656154"
"8","benserazide-6482-up","18","2","0","1","1","0","NA","NA"
"8","rolipram-3072-up","18","2","0","1","0","0","NA","NA"
"9","vorinostat-1161-dn","6","2","0","1","1","0","0.0296309633944118","0.0296309633944118"
"9","vorinostat-6179-dn","6","2","0","1","1","0","0.0296309633944118","0.0296309633944118"
"9","trichostatin A-1175-dn","6","2","0","1","1","0","0.0296309633944118","0.0296309633944118"
"9","trichostatin A-6193-dn","6","2","0","1","1","0","0.0296309633944118","0.0296309633944118"
"9","vorinostat-2680-dn","6","2","0","1","1","0","0.0296309633944118","0.0296309633944118"
"9","LY-294002-6186-dn","6","2","0","4","2","0","8.75630530126477e-09","4.68462333617665e-07"
"9","LY-294002-2696-dn","6","2","0","4","2","0","8.75630530126477e-09","4.68462333617665e-07"
"9","LY-294002-6195-dn","6","2","0","4","2","0","8.75630530126477e-09","4.68462333617665e-07"
"9","papaverine-1755-dn","6","2","0","3","1","0","2.39929677805722e-06","4.46477835221082e-05"
"9","lycorine-2195-dn","6","2","0","2","1","0","0.000366432168048497","0.00285150850772285"
"9","LY-294002-6198-dn","6","2","0","3","2","0","2.39929677805722e-06","4.46477835221082e-05"
"9","alprostadil-2938-dn","6","2","0","3","0","0","2.39929677805722e-06","4.46477835221082e-05"
"9","albendazole-1547-dn","6","2","0","4","1","0","8.75630530126477e-09","4.68462333617665e-07"
"9","anisomycin-1304-dn","6","2","0","1","0","0","0.0296309633944118","0.0296309633944118"
"9","trichostatin A-2694-dn","6","2","0","1","1","0","0.0296309633944118","0.0296309633944118"
"9","mepacrine-1563-dn","6","2","0","4","2","0","8.75630530126477e-09","4.68462333617665e-07"
"9","trichostatin A-1306-dn","6","2","0","1","1","0","0.0296309633944118","0.0296309633944118"
"9","ellipticine-1765-dn","6","2","0","2","1","0","0.000366432168048497","0.00285150850772285"
"9","nocodazole-1393-dn","6","2","0","3","0","0","2.39929677805722e-06","4.46477835221082e-05"
"9","quinpirole-2977-dn","6","2","0","3","0","0","2.39929677805722e-06","4.46477835221082e-05"
"9","wortmannin-6202-dn","6","2","0","3","1","0","2.39929677805722e-06","4.46477835221082e-05"
"9","trichostatin A-1400-dn","6","2","0","2","1","0","0.000366432168048497","0.00285150850772285"
"9","colchicine-1598-dn","6","2","0","4","1","0","8.75630530126477e-09","4.68462333617665e-07"
"9","valinomycin-5962-up","6","2","0","5","2","0","1.687610637593e-11","3.93213278559168e-09"
"9","pizotifen-5072-up","6","2","0","1","1","0","0.0296309633944118","0.0296309633944118"
"9","ivermectin-2213-up","6","2","0","1","1","0","0.0296309633944118","0.0296309633944118"
"9","benzamil-3635-up","6","2","0","1","1","0","0.0296309633944118","0.0296309633944118"
"9","norcyclobenzaprine-4190-up","6","2","0","1","1","0","0.0296309633944118","0.0296309633944118"
"9","valinomycin-5911-up","6","2","0","4","1","0","8.75630530126477e-09","1.02010956759735e-06"
"9","MG-262-7068-up","6","2","0","2","1","0","0.000366432168048497","0.00406565215025237"
"9","pimozide-6780-up","6","2","0","1","1","0","0.0296309633944118","0.0296309633944118"
"9","hydralazine-2311-up","6","2","0","1","0","0","0.0296309633944118","0.0296309633944118"
"9","MG-262-7079-up","6","2","0","2","1","0","0.000366432168048497","0.00406565215025237"
"9","pyrvinium-6339-up","6","2","0","2","2","0","0.000366432168048497","0.00406565215025237"
"10","vorinostat-1161-dn","13","1","1","3","0","0","3.34476846171919e-05","0.00427015440279483"
"10","vorinostat-6179-dn","13","1","1","2","0","0","0.00186242805035638","0.0548699956374224"
"10","trichostatin A-1175-dn","13","1","1","3","0","0","3.34476846171919e-05","0.00427015440279483"
"10","trichostatin A-6193-dn","13","1","1","1","0","0","NA","NA"
"10","vorinostat-2680-dn","13","1","1","1","0","0","NA","NA"
"10","LY-294002-6195-dn","13","1","1","1","0","0","NA","NA"
"10","valproic acid-410-dn","13","1","1","1","0","0","NA","NA"
"10","alprostadil-2938-dn","13","1","1","1","0","0","NA","NA"
"10","parthenolide-1736-dn","13","1","1","1","0","0","NA","NA"
"10","albendazole-1547-dn","13","1","1","1","0","0","NA","NA"
"10","trichostatin A-2694-dn","13","1","1","1","0","0","NA","NA"
"10","piperlongumine-1764-dn","13","1","1","1","0","0","NA","NA"
"10","quinpirole-2977-dn","13","1","1","1","0","0","NA","NA"
"10","raloxifene-376-dn","13","1","1","1","0","0","NA","NA"
"10","colchicine-1598-dn","13","1","1","1","0","0","NA","NA"
"10","amiodarone-2434-dn","13","1","1","1","0","0","NA","NA"
"10","Prestwick-983-3141-up","13","1","1","1","0","0","NA","NA"
"10","betamethasone-1590-up","13","1","1","2","0","0","0.00186242805035638","0.0398352666326225"
"10","dobutamine-1589-up","13","1","1","1","0","0","NA","NA"
"10","tretinoin-1548-up","13","1","1","1","0","0","NA","NA"
"10","emetine-2145-up","13","1","1","2","0","0","0.00186242805035638","0.0398352666326225"
"10","methylergometrine-1607-up","13","1","1","1","0","0","NA","NA"
"10","cephaeline-2429-up","13","1","1","3","0","0","3.34476846171919e-05","0.0128773585776189"
"10","bromocriptine-2007-up","13","1","1","1","0","0","NA","NA"
"10","pergolide-2403-up","13","1","1","1","0","0","NA","NA"
"10","alprostadil-2938-up","13","1","1","1","0","0","NA","NA"
"10","dihydroergotamine-1398-up","13","1","1","1","0","0","NA","NA"
"10","halcinonide-2185-up","13","1","1","1","0","0","NA","NA"
"10","chlorzoxazone-2263-up","13","1","1","1","0","0","NA","NA"
"10","remoxipride-5443-up","13","1","1","1","1","0","NA","NA"
"10","methoxsalen-6661-up","13","1","1","1","0","0","NA","NA"
"10","labetalol-1550-up","13","1","1","1","0","0","NA","NA"
"10","heliotrine-4277-up","13","1","1","2","0","1","0.00186242805035638","0.0398352666326225"
"10","pivampicillin-2945-up","13","1","1","1","0","0","NA","NA"
"10","dimethadione-4607-up","13","1","1","1","0","1","NA","NA"
"10","tolazoline-4262-up","13","1","1","1","0","0","NA","NA"
"11","lasalocid-3021-dn","7","2","0","2","0","0","0.00051133277923463","0.0230099750655583"
"11","tretinoin-1152-up","7","2","0","1","1","0","0.0344842492004147","0.0344842492004147"
"11","Prestwick-983-3141-up","7","2","0","2","1","0","0.00051133277923463","0.0110729994951499"
"11","dobutamine-1589-up","7","2","0","1","1","0","0.0344842492004147","0.0344842492004147"
"11","tretinoin-1548-up","7","2","0","1","1","0","0.0344842492004147","0.0344842492004147"
"11","valinomycin-5962-up","7","2","0","2","1","0","0.00051133277923463","0.0110729994951499"
"11","mebendazole-2338-up","7","2","0","1","1","0","0.0344842492004147","0.0344842492004147"
"11","picrotoxinin-2161-up","7","2","0","2","1","0","0.00051133277923463","0.0110729994951499"
"11","methylergometrine-1607-up","7","2","0","1","1","0","0.0344842492004147","0.0344842492004147"
"11","tretinoin-2671-up","7","2","0","1","1","0","0.0344842492004147","0.0344842492004147"
"11","tretinoin-6170-up","7","2","0","1","1","0","0.0344842492004147","0.0344842492004147"
"11","bromocriptine-2007-up","7","2","0","1","1","0","0.0344842492004147","0.0344842492004147"
"11","imipramine-5440-up","7","2","0","2","0","0","0.00051133277923463","0.0110729994951499"
"11","pergolide-2403-up","7","2","0","1","1","0","0.0344842492004147","0.0344842492004147"
"11","BAS-012416453-6876-up","7","2","0","1","0","0","0.0344842492004147","0.0344842492004147"
"11","alprostadil-2938-up","7","2","0","1","1","0","0.0344842492004147","0.0344842492004147"
"11","guaifenesin-3897-up","7","2","0","1","0","0","0.0344842492004147","0.0344842492004147"
"11","dihydroergotamine-1398-up","7","2","0","1","1","0","0.0344842492004147","0.0344842492004147"
"11","practolol-4603-up","7","2","0","1","1","0","0.0344842492004147","0.0344842492004147"
"11","remoxipride-5443-up","7","2","0","1","0","0","0.0344842492004147","0.0344842492004147"
"11","selegiline-4065-up","7","2","0","1","0","0","0.0344842492004147","0.0344842492004147"
"11","benserazide-6482-up","7","2","0","1","0","0","0.0344842492004147","0.0344842492004147"
"11","pivampicillin-2945-up","7","2","0","1","0","0","0.0344842492004147","0.0344842492004147"
"11","dimethadione-4607-up","7","2","0","1","1","0","0.0344842492004147","0.0344842492004147"
"11","cinchocaine-4068-up","7","2","0","1","1","0","0.0344842492004147","0.0344842492004147"
"11","pyridoxine-1759-up","7","2","0","1","0","0","0.0344842492004147","0.0344842492004147"
"12","vorinostat-1161-dn","5","3","0","1","0","0","0.0247535287182936","0.0247535287182936"
"12","vorinostat-6179-dn","5","3","0","1","0","0","0.0247535287182936","0.0247535287182936"
"12","trichostatin A-1175-dn","5","3","0","1","0","0","0.0247535287182936","0.0247535287182936"
"12","trichostatin A-6193-dn","5","3","0","1","0","0","0.0247535287182936","0.0247535287182936"
"12","LY-294002-6186-dn","5","3","0","1","0","0","0.0247535287182936","0.0247535287182936"
"12","LY-294002-6195-dn","5","3","0","1","0","0","0.0247535287182936","0.0247535287182936"
"12","papaverine-1755-dn","5","3","0","1","0","0","0.0247535287182936","0.0247535287182936"
"12","alprostadil-2938-dn","5","3","0","1","0","0","0.0247535287182936","0.0247535287182936"
"12","albendazole-1547-dn","5","3","0","1","0","0","0.0247535287182936","0.0247535287182936"
"12","atovaquone-2480-dn","5","3","0","1","0","0","0.0247535287182936","0.0247535287182936"
"12","quinpirole-2977-dn","5","3","0","1","0","0","0.0247535287182936","0.0247535287182936"
"12","dicloxacillin-2445-dn","5","3","0","1","0","0","0.0247535287182936","0.0247535287182936"
"12","azathioprine-5627-up","5","3","0","1","0","0","0.0247535287182936","0.0247535287182936"
"12","guaifenesin-3897-up","5","3","0","1","0","0","0.0247535287182936","0.0247535287182936"
"12","lithocholic acid-2571-up","5","3","0","1","0","0","0.0247535287182936","0.0247535287182936"
"12","benserazide-6482-up","5","3","0","1","1","0","0.0247535287182936","0.0247535287182936"
"13","Prestwick-983-3141-up","4","2","0","1","1","0","0.0198518267597581","0.0198518267597581"
"13","solasodine-6025-up","4","2","0","1","1","0","0.0198518267597581","0.0198518267597581"
"13","alprostadil-2938-up","4","2","0","1","1","0","0.0198518267597581","0.0198518267597581"
"14","raloxifene-376-dn","7","2","0","1","0","0","0.0344842492004147","0.0344842492004147"
"14","emetine-2145-up","7","2","0","1","0","0","0.0344842492004147","0.0344842492004147"
"14","picrotoxinin-2161-up","7","2","0","1","1","0","0.0344842492004147","0.0344842492004147"
"14","cephaeline-2429-up","7","2","0","1","0","0","0.0344842492004147","0.0344842492004147"
"14","ivermectin-2213-up","7","2","0","1","0","0","0.0344842492004147","0.0344842492004147"
"14","decamethonium bromide-4094-up","7","2","0","1","0","0","0.0344842492004147","0.0344842492004147"
"14","nicotinic acid-3381-up","7","2","0","1","0","0","0.0344842492004147","0.0344842492004147"
"14","nabumetone-6487-up","7","2","0","1","0","0","0.0344842492004147","0.0344842492004147"
"14","practolol-4603-up","7","2","0","1","1","0","0.0344842492004147","0.0344842492004147"
"14","halcinonide-2185-up","7","2","0","1","0","0","0.0344842492004147","0.0344842492004147"
"14","selegiline-4065-up","7","2","0","1","0","0","0.0344842492004147","0.0344842492004147"
"14","dimethadione-4607-up","7","2","0","2","1","0","0.00051133277923463","0.0193880345459797"
"14","piperacillin-3939-up","7","2","0","1","0","0","0.0344842492004147","0.0344842492004147"
"14","tolazoline-4262-up","7","2","0","1","0","0","0.0344842492004147","0.0344842492004147"
"14","cinchocaine-4068-up","7","2","0","2","1","0","0.00051133277923463","0.0193880345459797"
"14","pyrvinium-6339-up","7","2","0","1","0","0","0.0344842492004147","0.0344842492004147"
"15","vorinostat-1161-dn","8","2","0","2","0","0","0.000679555166686154","0.03754542295941"
"15","vorinostat-6179-dn","8","2","0","2","0","0","0.000679555166686154","0.03754542295941"
"15","trichostatin A-1175-dn","8","2","0","2","0","0","0.000679555166686154","0.03754542295941"
"15","trichostatin A-6193-dn","8","2","0","1","0","0","0.0393135041520565","0.0393135041520565"
"15","vorinostat-2680-dn","8","2","0","1","0","0","0.0393135041520565","0.0393135041520565"
"15","papaverine-1755-dn","8","2","0","1","0","0","0.0393135041520565","0.0393135041520565"
"15","lycorine-2195-dn","8","2","0","1","0","0","0.0393135041520565","0.0393135041520565"
"15","valproic acid-410-dn","8","2","0","1","0","0","0.0393135041520565","0.0393135041520565"
"15","alprostadil-2938-dn","8","2","0","1","0","0","0.0393135041520565","0.0393135041520565"
"15","parthenolide-1736-dn","8","2","0","2","0","0","0.000679555166686154","0.03754542295941"
"15","trichostatin A-2694-dn","8","2","0","1","0","0","0.0393135041520565","0.0393135041520565"
"15","mepacrine-1563-dn","8","2","0","1","0","0","0.0393135041520565","0.0393135041520565"
"15","trichostatin A-1306-dn","8","2","0","1","0","0","0.0393135041520565","0.0393135041520565"
"15","ellipticine-1765-dn","8","2","0","1","0","0","0.0393135041520565","0.0393135041520565"
"15","piperlongumine-1764-dn","8","2","0","1","0","0","0.0393135041520565","0.0393135041520565"
"15","trichostatin A-1400-dn","8","2","0","1","0","0","0.0393135041520565","0.0393135041520565"
"15","betamethasone-1590-up","8","2","0","1","0","0","0.0393135041520565","0.0393135041520565"
"15","tretinoin-1548-up","8","2","0","1","0","0","0.0393135041520565","0.0393135041520565"
"15","cephaeline-2429-up","8","2","0","1","0","0","0.0393135041520565","0.0393135041520565"
"15","piromidic acid-4398-up","8","2","0","1","0","0","0.0393135041520565","0.0393135041520565"
"15","norcyclobenzaprine-4190-up","8","2","0","1","0","0","0.0393135041520565","0.0393135041520565"
"15","BAS-012416453-6876-up","8","2","0","2","0","0","0.000679555166686154","0.0150634728615431"
"15","lobelanidine-2897-up","8","2","0","1","0","0","0.0393135041520565","0.0393135041520565"
"15","practolol-4603-up","8","2","0","1","0","0","0.0393135041520565","0.0393135041520565"
"15","remoxipride-5443-up","8","2","0","1","1","0","0.0393135041520565","0.0393135041520565"
"15","selegiline-4065-up","8","2","0","1","0","0","0.0393135041520565","0.0393135041520565"
"15","demeclocycline-4267-up","8","2","0","2","0","0","0.000679555166686154","0.0150634728615431"
"15","tolazoline-4262-up","8","2","0","1","0","0","0.0393135041520565","0.0393135041520565"
"15","cycloserine-6782-up","8","2","0","1","0","0","0.0393135041520565","0.0393135041520565"
"16","LY-294002-6186-dn","10","2","0","2","1","0","0.00108503842061186","0.014679931572984"
"16","LY-294002-2696-dn","10","2","0","2","1","0","0.00108503842061186","0.014679931572984"
"16","LY-294002-6195-dn","10","2","0","1","1","0","0.0489003911418305","0.0489003911418305"
"16","LY-294002-6198-dn","10","2","0","1","1","0","0.0489003911418305","0.0489003911418305"
"16","trichostatin A-1306-dn","10","2","0","1","0","0","0.0489003911418305","0.0489003911418305"
"16","atovaquone-2480-dn","10","2","0","1","0","0","0.0489003911418305","0.0489003911418305"
"16","nocodazole-1393-dn","10","2","0","2","1","0","0.00108503842061186","0.014679931572984"
"16","wortmannin-6202-dn","10","2","0","1","1","0","0.0489003911418305","0.0489003911418305"
"16","netilmicin-2963-dn","10","2","0","1","0","0","0.0489003911418305","0.0489003911418305"
"16","raloxifene-376-dn","10","2","0","1","0","0","0.0489003911418305","0.0489003911418305"
"16","colchicine-1598-dn","10","2","0","1","1","0","0.0489003911418305","0.0489003911418305"
"16","phenylpropanolamine-3217-up","10","2","0","1","0","0","0.0489003911418305","0.0489003911418305"
"16","Prestwick-983-3141-up","10","2","0","1","0","0","0.0489003911418305","0.0489003911418305"
"16","betamethasone-1590-up","10","2","0","1","0","0","0.0489003911418305","0.0489003911418305"
"16","tretinoin-1548-up","10","2","0","1","0","0","0.0489003911418305","0.0489003911418305"
"16","crotamiton-5689-up","10","2","0","1","0","0","0.0489003911418305","0.0489003911418305"
"16","imipramine-5440-up","10","2","0","1","0","0","0.0489003911418305","0.0489003911418305"
"16","nabumetone-6487-up","10","2","0","1","0","0","0.0489003911418305","0.0489003911418305"
"16","BAS-012416453-6876-up","10","2","0","1","0","0","0.0489003911418305","0.0489003911418305"
"16","lithocholic acid-2571-up","10","2","0","1","0","0","0.0489003911418305","0.0489003911418305"
"16","methoxsalen-6661-up","10","2","0","1","0","0","0.0489003911418305","0.0489003911418305"
"16","selegiline-4065-up","10","2","0","1","1","0","0.0489003911418305","0.0489003911418305"
"16","labetalol-1550-up","10","2","0","1","0","0","0.0489003911418305","0.0489003911418305"
"16","hydralazine-2311-up","10","2","0","1","0","0","0.0489003911418305","0.0489003911418305"
"16","piperacillin-3939-up","10","2","0","1","1","0","0.0489003911418305","0.0489003911418305"
"16","tolazoline-4262-up","10","2","0","2","1","0","0.00108503842061186","0.0489003911418305"
"16","cinchocaine-4068-up","10","2","0","1","1","0","0.0489003911418305","0.0489003911418305"
"16","pyridoxine-1759-up","10","2","0","2","0","0","0.00108503842061186","0.0489003911418305"
"17","vorinostat-1161-dn","15","2","0","1","0","0","NA","NA"
"17","vorinostat-6179-dn","15","2","0","2","0","0","0.00249083430520832","0.0644058584632436"
"17","trichostatin A-1175-dn","15","2","0","1","0","0","NA","NA"
"17","trichostatin A-6193-dn","15","2","0","1","0","0","NA","NA"
"17","papaverine-1755-dn","15","2","0","1","0","0","NA","NA"
"17","valproic acid-410-dn","15","2","0","2","0","0","0.00249083430520832","0.0644058584632436"
"17","alprostadil-2938-dn","15","2","0","1","0","0","NA","NA"
"17","trichostatin A-1306-dn","15","2","0","1","0","0","NA","NA"
"17","piperlongumine-1764-dn","15","2","0","1","0","0","NA","NA"
"17","netilmicin-2963-dn","15","2","0","2","0","0","0.00249083430520832","0.0644058584632436"
"17","tretinoin-1152-up","15","2","0","1","0","0","NA","NA"
"17","phenylpropanolamine-3217-up","15","2","0","3","0","0","5.2826809188519e-05","0.0224513939051206"
"17","betamethasone-1590-up","15","2","0","2","0","0","0.00249083430520832","0.0460262860745015"
"17","tretinoin-1548-up","15","2","0","2","0","0","0.00249083430520832","0.0460262860745015"
"17","picrotoxinin-2161-up","15","2","0","1","0","0","NA","NA"
"17","tretinoin-2671-up","15","2","0","1","0","0","NA","NA"
"17","cephaeline-2429-up","15","2","0","1","0","0","NA","NA"
"17","decamethonium bromide-4094-up","15","2","0","1","0","0","NA","NA"
"17","nicotinic acid-3381-up","15","2","0","1","0","0","NA","NA"
"17","solasodine-6025-up","15","2","0","1","0","0","NA","NA"
"17","norcyclobenzaprine-4190-up","15","2","0","1","0","0","NA","NA"
"17","BAS-012416453-6876-up","15","2","0","1","0","0","NA","NA"
"17","zuclopenthixol-4261-up","15","2","0","1","0","0","NA","NA"
"17","remoxipride-5443-up","15","2","0","1","1","0","NA","NA"
"17","labetalol-1550-up","15","2","0","1","0","0","NA","NA"
"17","hydralazine-2311-up","15","2","0","1","0","0","NA","NA"
"17","dimethadione-4607-up","15","2","0","1","0","0","NA","NA"
"17","tolazoline-4262-up","15","2","0","1","0","0","NA","NA"
"18","vorinostat-1161-dn","10","2","1","5","0","0","6.97696038946421e-10","9.34912692188204e-08"
"18","vorinostat-6179-dn","10","2","1","5","1","0","6.97696038946421e-10","9.34912692188204e-08"
"18","trichostatin A-1175-dn","10","2","1","3","0","0","1.41879072463859e-05","0.000760471828406286"
"18","trichostatin A-6193-dn","10","2","1","3","0","0","1.41879072463859e-05","0.000760471828406286"
"18","vorinostat-2680-dn","10","2","1","2","0","0","0.00108503842061186","0.0116316118689591"
"18","LY-294002-6186-dn","10","2","1","1","1","0","0.0489003911418305","0.0489003911418305"
"18","LY-294002-6195-dn","10","2","1","1","0","0","0.0489003911418305","0.0489003911418305"
"18","papaverine-1755-dn","10","2","1","1","0","0","0.0489003911418305","0.0489003911418305"
"18","lycorine-2195-dn","10","2","1","1","0","0","0.0489003911418305","0.0489003911418305"
"18","LY-294002-6198-dn","10","2","1","1","1","0","0.0489003911418305","0.0489003911418305"
"18","valproic acid-410-dn","10","2","1","2","0","0","0.00108503842061186","0.0116316118689591"
"18","alprostadil-2938-dn","10","2","1","1","0","0","0.0489003911418305","0.0489003911418305"
"18","parthenolide-1736-dn","10","2","1","1","0","0","0.0489003911418305","0.0489003911418305"
"18","albendazole-1547-dn","10","2","1","1","0","0","0.0489003911418305","0.0489003911418305"
"18","trichostatin A-2694-dn","10","2","1","2","0","0","0.00108503842061186","0.0116316118689591"
"18","piperlongumine-1764-dn","10","2","1","3","1","0","1.41879072463859e-05","0.000760471828406286"
"18","quinpirole-2977-dn","10","2","1","1","0","0","0.0489003911418305","0.0489003911418305"
"18","lasalocid-3021-dn","10","2","1","2","1","0","0.00108503842061186","0.0116316118689591"
"18","trichostatin A-1400-dn","10","2","1","1","0","0","0.0489003911418305","0.0489003911418305"
"18","dicloxacillin-2445-dn","10","2","1","1","0","0","0.0489003911418305","0.0489003911418305"
"18","colchicine-1598-dn","10","2","1","1","0","0","0.0489003911418305","0.0489003911418305"
"18","amiodarone-2434-dn","10","2","1","1","0","0","0.0489003911418305","0.0489003911418305"
"18","phenylpropanolamine-3217-up","10","2","1","2","1","0","0.00108503842061186","0.0123637272664456"
"18","azathioprine-5627-up","10","2","1","1","1","0","0.0489003911418305","0.0489003911418305"
"18","Prestwick-983-3141-up","10","2","1","1","0","0","0.0489003911418305","0.0489003911418305"
"18","betamethasone-1590-up","10","2","1","3","2","0","1.41879072463859e-05","0.00204778794589504"
"18","dobutamine-1589-up","10","2","1","1","0","0","0.0489003911418305","0.0489003911418305"
"18","tretinoin-1548-up","10","2","1","1","0","0","0.0489003911418305","0.0489003911418305"
"18","emetine-2145-up","10","2","1","2","1","0","0.00108503842061186","0.0123637272664456"
"18","mebendazole-2338-up","10","2","1","1","0","0","0.0489003911418305","0.0489003911418305"
"18","methylergometrine-1607-up","10","2","1","2","1","0","0.00108503842061186","0.0123637272664456"
"18","droperidol-5690-up","10","2","1","1","1","0","0.0489003911418305","0.0489003911418305"
"18","cephaeline-2429-up","10","2","1","3","1","0","1.41879072463859e-05","0.00204778794589504"
"18","pizotifen-5072-up","10","2","1","1","0","0","0.0489003911418305","0.0489003911418305"
"18","bromocriptine-2007-up","10","2","1","2","1","0","0.00108503842061186","0.0123637272664456"
"18","pergolide-2403-up","10","2","1","1","0","0","0.0489003911418305","0.0489003911418305"
"18","alprostadil-2938-up","10","2","1","1","0","0","0.0489003911418305","0.0489003911418305"
"18","lithocholic acid-2571-up","10","2","1","2","2","0","0.00108503842061186","0.0123637272664456"
"18","dihydroergotamine-1398-up","10","2","1","1","0","0","0.0489003911418305","0.0489003911418305"
"18","halcinonide-2185-up","10","2","1","1","1","0","0.0489003911418305","0.0489003911418305"
"18","labetalol-1550-up","10","2","1","1","0","0","0.0489003911418305","0.0489003911418305"
"18","heliotrine-4277-up","10","2","1","1","0","1","0.0489003911418305","0.0489003911418305"
"18","pivampicillin-2945-up","10","2","1","1","0","0","0.0489003911418305","0.0489003911418305"
"18","hydralazine-2311-up","10","2","1","1","0","0","0.0489003911418305","0.0489003911418305"
"18","rolipram-3072-up","10","2","1","1","1","0","0.0489003911418305","0.0489003911418305"
"18","dimethadione-4607-up","10","2","1","1","0","1","0.0489003911418305","0.0489003911418305"
"18","tolazoline-4262-up","10","2","1","2","0","0","0.00108503842061186","0.0123637272664456"
"19","atovaquone-2480-dn","4","2","0","1","0","0","0.0198518267597581","0.0198518267597581"
"19","raloxifene-376-dn","4","2","0","1","0","0","0.0198518267597581","0.0198518267597581"
"19","betamethasone-1590-up","4","2","0","1","0","0","0.0198518267597581","0.0198518267597581"
"19","tretinoin-1548-up","4","2","0","1","0","0","0.0198518267597581","0.0198518267597581"
"19","emetine-2145-up","4","2","0","1","0","0","0.0198518267597581","0.0198518267597581"
"19","lithocholic acid-2571-up","4","2","0","1","0","0","0.0198518267597581","0.0198518267597581"
"19","selegiline-4065-up","4","2","0","1","1","0","0.0198518267597581","0.0198518267597581"
"19","labetalol-1550-up","4","2","0","1","0","0","0.0198518267597581","0.0198518267597581"
"19","hydralazine-2311-up","4","2","0","1","0","0","0.0198518267597581","0.0198518267597581"
"19","piperacillin-3939-up","4","2","0","1","1","0","0.0198518267597581","0.0198518267597581"
"19","cinchocaine-4068-up","4","2","0","1","1","0","0.0198518267597581","0.0198518267597581"
"19","pyridoxine-1759-up","4","2","0","1","0","0","0.0198518267597581","0.0198518267597581"
"20","vorinostat-1161-dn","19","2","0","2","0","0","0.00400404563880334","0.0908825145361798"
"20","vorinostat-6179-dn","19","2","0","2","0","0","0.00400404563880334","0.0908825145361798"
"20","trichostatin A-1175-dn","19","2","0","1","0","0","NA","NA"
"20","trichostatin A-6193-dn","19","2","0","1","0","0","NA","NA"
"20","vorinostat-2680-dn","19","2","0","1","0","0","NA","NA"
"20","papaverine-1755-dn","19","2","0","1","0","0","NA","NA"
"20","lycorine-2195-dn","19","2","0","2","0","0","0.00400404563880334","0.0908825145361798"
"20","parthenolide-1736-dn","19","2","0","1","0","0","NA","NA"
"20","albendazole-1547-dn","19","2","0","1","0","0","NA","NA"
"20","anisomycin-1304-dn","19","2","0","1","0","0","NA","NA"
"20","atovaquone-2480-dn","19","2","0","1","0","0","NA","NA"
"20","trichostatin A-1400-dn","19","2","0","1","0","0","NA","NA"
"20","raloxifene-376-dn","19","2","0","1","0","0","NA","NA"
"20","dicloxacillin-2445-dn","19","2","0","1","0","0","NA","NA"
"20","15-delta prostaglandin J2-2691-dn","19","2","0","1","0","0","NA","NA"
"20","phenylpropanolamine-3217-up","19","2","0","1","0","0","NA","NA"
"20","Prestwick-983-3141-up","19","2","0","1","0","0","NA","NA"
"20","betamethasone-1590-up","19","2","0","1","0","0","NA","NA"
"20","dobutamine-1589-up","19","2","0","1","0","0","NA","NA"
"20","tretinoin-1548-up","19","2","0","1","0","0","NA","NA"
"20","mebendazole-2338-up","19","2","0","1","0","0","NA","NA"
"20","cephaeline-2429-up","19","2","0","1","0","0","NA","NA"
"20","pizotifen-5072-up","19","2","0","1","0","0","NA","NA"
"20","ivermectin-2213-up","19","2","0","1","0","0","NA","NA"
"20","solasodine-6025-up","19","2","0","1","0","0","NA","NA"
"20","piromidic acid-4398-up","19","2","0","1","0","0","NA","NA"
"20","crotamiton-5689-up","19","2","0","2","0","0","0.00400404563880334","0.0665287583062708"
"20","BAS-012416453-6876-up","19","2","0","1","0","0","NA","NA"
"20","MG-262-7068-up","19","2","0","1","0","0","NA","NA"
"20","tanespimycin-4430-up","19","2","0","2","0","0","0.00400404563880334","0.0665287583062708"
"20","pimozide-6780-up","19","2","0","2","0","0","0.00400404563880334","0.0665287583062708"
"20","lobelanidine-2897-up","19","2","0","1","0","0","NA","NA"
"20","dihydroergotamine-1398-up","19","2","0","1","0","0","NA","NA"
"20","halcinonide-2185-up","19","2","0","1","0","0","NA","NA"
"20","chlorzoxazone-2263-up","19","2","0","1","0","0","NA","NA"
"20","zuclopenthixol-4261-up","19","2","0","1","0","0","NA","NA"
"20","remoxipride-5443-up","19","2","0","2","1","0","0.00400404563880334","0.0665287583062708"
"20","methoxsalen-6661-up","19","2","0","1","0","0","NA","NA"
"20","labetalol-1550-up","19","2","0","1","0","0","NA","NA"
"20","demeclocycline-4267-up","19","2","0","1","0","0","NA","NA"
"20","rolipram-3072-up","19","2","0","2","0","0","0.00400404563880334","0.0665287583062708"
"20","MG-262-7079-up","19","2","0","1","0","0","NA","NA"
"20","tolazoline-4262-up","19","2","0","1","0","0","NA","NA"
"20","cinchocaine-4068-up","19","2","0","1","0","0","NA","NA"
"20","benzthiazide-6607-up","19","2","0","1","0","0","NA","NA"
"21","vorinostat-1161-dn","11","1","1","3","0","0","1.943756475353e-05","0.00108850362619768"
"21","vorinostat-6179-dn","11","1","1","4","1","0","1.8897870569801e-07","3.17484225572657e-05"
"21","trichostatin A-1175-dn","11","1","1","1","0","0","NA","NA"
"21","trichostatin A-6193-dn","11","1","1","3","0","0","1.943756475353e-05","0.00108850362619768"
"21","vorinostat-2680-dn","11","1","1","2","0","0","0.0013218400851343","0.0185057611918803"
"21","LY-294002-6186-dn","11","1","1","1","1","0","NA","NA"
"21","papaverine-1755-dn","11","1","1","1","0","0","NA","NA"
"21","lycorine-2195-dn","11","1","1","1","0","0","NA","NA"
"21","LY-294002-6198-dn","11","1","1","1","1","0","NA","NA"
"21","valproic acid-410-dn","11","1","1","1","0","0","NA","NA"
"21","alprostadil-2938-dn","11","1","1","1","0","0","NA","NA"
"21","trichostatin A-2694-dn","11","1","1","1","0","0","NA","NA"
"21","ellipticine-1765-dn","11","1","1","1","0","0","NA","NA"
"21","nocodazole-1393-dn","11","1","1","1","0","0","NA","NA"
"21","piperlongumine-1764-dn","11","1","1","1","0","0","NA","NA"
"21","lasalocid-3021-dn","11","1","1","2","1","0","0.0013218400851343","0.0185057611918803"
"21","trichostatin A-1400-dn","11","1","1","1","0","0","NA","NA"
"21","dicloxacillin-2445-dn","11","1","1","1","0","0","NA","NA"
"21","phenylpropanolamine-3217-up","11","1","1","2","0","0","0.0013218400851343","0.030402321958089"
"21","azathioprine-5627-up","11","1","1","2","1","0","0.0013218400851343","0.030402321958089"
"21","betamethasone-1590-up","11","1","1","1","1","0","NA","NA"
"21","mebendazole-2338-up","11","1","1","1","0","0","NA","NA"
"21","pizotifen-5072-up","11","1","1","1","0","0","NA","NA"
"21","imipramine-5440-up","11","1","1","1","0","0","NA","NA"
"21","lithocholic acid-2571-up","11","1","1","1","1","0","NA","NA"
"21","halcinonide-2185-up","11","1","1","1","1","0","NA","NA"
"21","methoxsalen-6661-up","11","1","1","1","0","0","NA","NA"
"21","heliotrine-4277-up","11","1","1","1","0","1","NA","NA"
"21","hydralazine-2311-up","11","1","1","1","0","0","NA","NA"
"21","rolipram-3072-up","11","1","1","1","1","0","NA","NA"
"21","dimethadione-4607-up","11","1","1","1","0","1","NA","NA"
"21","tolazoline-4262-up","11","1","1","1","0","0","NA","NA"
"22","vorinostat-6179-dn","7","1","1","1","1","0","0.0344842492004147","0.0344842492004147"
"22","LY-294002-6186-dn","7","1","1","1","1","0","0.0344842492004147","0.0344842492004147"
"22","lycorine-2195-dn","7","1","1","1","0","0","0.0344842492004147","0.0344842492004147"
"22","LY-294002-6198-dn","7","1","1","1","1","0","0.0344842492004147","0.0344842492004147"
"22","atovaquone-2480-dn","7","1","1","1","0","0","0.0344842492004147","0.0344842492004147"
"22","lasalocid-3021-dn","7","1","1","2","1","0","0.00051133277923463","0.018471896649851"
"22","azathioprine-5627-up","7","1","1","2","1","0","0.00051133277923463","0.0155724073676001"
"22","betamethasone-1590-up","7","1","1","1","1","0","0.0344842492004147","0.0344842492004147"
"22","tretinoin-6170-up","7","1","1","1","0","0","0.0344842492004147","0.0344842492004147"
"22","nicotinic acid-3381-up","7","1","1","1","0","0","0.0344842492004147","0.0344842492004147"
"22","piromidic acid-4398-up","7","1","1","1","0","0","0.0344842492004147","0.0344842492004147"
"22","nabumetone-6487-up","7","1","1","1","0","0","0.0344842492004147","0.0344842492004147"
"22","MG-262-7068-up","7","1","1","1","0","0","0.0344842492004147","0.0344842492004147"
"22","lithocholic acid-2571-up","7","1","1","1","1","0","0.0344842492004147","0.0344842492004147"
"22","halcinonide-2185-up","7","1","1","1","1","0","0.0344842492004147","0.0344842492004147"
"22","remoxipride-5443-up","7","1","1","1","0","0","0.0344842492004147","0.0344842492004147"
"22","heliotrine-4277-up","7","1","1","1","0","1","0.0344842492004147","0.0344842492004147"
"22","dicycloverine-4405-up","7","1","1","1","0","0","0.0344842492004147","0.0344842492004147"
"22","rolipram-3072-up","7","1","1","1","1","0","0.0344842492004147","0.0344842492004147"
"22","MG-262-7079-up","7","1","1","1","0","0","0.0344842492004147","0.0344842492004147"
"22","dimethadione-4607-up","7","1","1","1","0","1","0.0344842492004147","0.0344842492004147"
"22","hydrastine hydrochloride-6011-up","7","1","1","1","0","0","0.0344842492004147","0.0344842492004147"
"23","vorinostat-1161-dn","7","2","0","1","0","0","0.0344842492004147","0.0344842492004147"
"23","vorinostat-6179-dn","7","2","0","1","0","0","0.0344842492004147","0.0344842492004147"
"23","lycorine-2195-dn","7","2","0","1","0","0","0.0344842492004147","0.0344842492004147"
"23","parthenolide-1736-dn","7","2","0","1","0","0","0.0344842492004147","0.0344842492004147"
"23","anisomycin-1304-dn","7","2","0","1","0","0","0.00051133277923463","0.0344842492004147"
"23","netilmicin-2963-dn","7","2","0","1","1","0","0.0344842492004147","0.0344842492004147"
"23","valinomycin-5962-up","7","2","0","1","0","0","0.0344842492004147","0.0344842492004147"
"23","lobelanidine-2897-up","7","2","0","1","1","0","0.0344842492004147","0.0344842492004147"
"23","zuclopenthixol-4261-up","7","2","0","1","0","0","0.0344842492004147","0.0344842492004147"
"23","benserazide-6482-up","7","2","0","1","0","0","0.0344842492004147","0.0344842492004147"
"24","trichostatin A-1306-dn","8","2","0","1","0","0","0.0393135041520565","0.0393135041520565"
"24","wortmannin-6202-dn","8","2","0","1","0","0","0.0393135041520565","0.0393135041520565"
"24","netilmicin-2963-dn","8","2","0","1","0","0","0.0393135041520565","0.0393135041520565"
"24","amiodarone-2434-dn","8","2","0","1","0","0","0.0393135041520565","0.0393135041520565"
"24","Prestwick-983-3141-up","8","2","0","1","1","0","0.0393135041520565","0.0393135041520565"
"24","dobutamine-1589-up","8","2","0","1","0","0","0.0393135041520565","0.0393135041520565"
"24","emetine-2145-up","8","2","0","1","0","0","0.0393135041520565","0.0393135041520565"
"24","picrotoxinin-2161-up","8","2","0","1","0","0","0.0393135041520565","0.0393135041520565"
"24","methylergometrine-1607-up","8","2","0","1","1","0","0.0393135041520565","0.0393135041520565"
"24","droperidol-5690-up","8","2","0","2","0","0","0.000679555166686154","0.0112976046461573"
"24","pizotifen-5072-up","8","2","0","1","0","0","0.0393135041520565","0.0393135041520565"
"24","ivermectin-2213-up","8","2","0","1","0","0","0.0393135041520565","0.0393135041520565"
"24","decamethonium bromide-4094-up","8","2","0","1","0","0","0.0393135041520565","0.0393135041520565"
"24","benzamil-3635-up","8","2","0","1","0","0","0.0393135041520565","0.0393135041520565"
"24","crotamiton-5689-up","8","2","0","2","0","0","0.000679555166686154","0.0112976046461573"
"24","norcyclobenzaprine-4190-up","8","2","0","1","1","0","0.0393135041520565","0.0393135041520565"
"24","pergolide-2403-up","8","2","0","1","1","0","0.0393135041520565","0.0393135041520565"
"24","nabumetone-6487-up","8","2","0","1","0","0","0.0393135041520565","0.0393135041520565"
"24","alprostadil-2938-up","8","2","0","1","1","0","0.0393135041520565","0.0393135041520565"
"24","tanespimycin-4430-up","8","2","0","1","0","0","0.0393135041520565","0.0393135041520565"
"24","pimozide-6780-up","8","2","0","1","1","0","0.0393135041520565","0.0393135041520565"
"24","dihydroergotamine-1398-up","8","2","0","1","1","0","0.0393135041520565","0.0393135041520565"
"24","practolol-4603-up","8","2","0","1","1","0","0.0393135041520565","0.0393135041520565"
"24","halcinonide-2185-up","8","2","0","1","0","0","0.0393135041520565","0.0393135041520565"
"24","heliotrine-4277-up","8","2","0","2","0","0","0.000679555166686154","0.0112976046461573"
"24","pivampicillin-2945-up","8","2","0","2","0","0","0.000679555166686154","0.0112976046461573"
"24","demeclocycline-4267-up","8","2","0","1","0","0","0.0393135041520565","0.0393135041520565"
"24","dicycloverine-4405-up","8","2","0","1","0","0","0.0393135041520565","0.0393135041520565"
"24","rolipram-3072-up","8","2","0","1","1","0","0.0393135041520565","0.0393135041520565"
"24","hydrastine hydrochloride-6011-up","8","2","0","1","0","0","0.0393135041520565","0.0393135041520565"
"25","vorinostat-1161-dn","15","1","1","1","0","0","NA","NA"
"25","vorinostat-6179-dn","15","1","1","1","0","0","NA","NA"
"25","trichostatin A-1175-dn","15","1","1","1","0","0","NA","NA"
"25","papaverine-1755-dn","15","1","1","1","0","0","NA","NA"
"25","alprostadil-2938-dn","15","1","1","1","0","0","NA","NA"
"25","lasalocid-3021-dn","15","1","1","1","0","0","NA","NA"
"25","dicloxacillin-2445-dn","15","1","1","1","0","0","NA","NA"
"25","tretinoin-1152-up","15","1","1","2","0","0","0.00249083430520832","0.0433589675351077"
"25","phenylpropanolamine-3217-up","15","1","1","1","0","0","NA","NA"
"25","betamethasone-1590-up","15","1","1","2","0","0","0.00249083430520832","0.0433589675351077"
"25","tretinoin-1548-up","15","1","1","3","0","0","5.2826809188519e-05","0.00620715007965098"
"25","emetine-2145-up","15","1","1","1","0","0","NA","NA"
"25","picrotoxinin-2161-up","15","1","1","2","0","0","0.00249083430520832","0.0433589675351077"
"25","tretinoin-2671-up","15","1","1","2","0","0","0.00249083430520832","0.0433589675351077"
"25","cephaeline-2429-up","15","1","1","2","0","0","0.00249083430520832","0.0433589675351077"
"25","ivermectin-2213-up","15","1","1","1","0","0","NA","NA"
"25","nicotinic acid-3381-up","15","1","1","1","0","0","NA","NA"
"25","bromocriptine-2007-up","15","1","1","1","0","0","NA","NA"
"25","piromidic acid-4398-up","15","1","1","1","0","0","NA","NA"
"25","norcyclobenzaprine-4190-up","15","1","1","1","0","0","NA","NA"
"25","BAS-012416453-6876-up","15","1","1","1","0","0","NA","NA"
"25","dihydroergotamine-1398-up","15","1","1","1","0","0","NA","NA"
"25","practolol-4603-up","15","1","1","1","0","0","NA","NA"
"25","chlorzoxazone-2263-up","15","1","1","1","0","0","NA","NA"
"25","zuclopenthixol-4261-up","15","1","1","1","0","0","NA","NA"
"25","selegiline-4065-up","15","1","1","1","0","0","NA","NA"
"25","heliotrine-4277-up","15","1","1","2","0","1","0.00249083430520832","0.0433589675351077"
"25","dicycloverine-4405-up","15","1","1","1","0","0","NA","NA"
"25","dimethadione-4607-up","15","1","1","3","0","1","5.2826809188519e-05","0.00620715007965098"
"25","piperacillin-3939-up","15","1","1","1","0","0","NA","NA"
"25","tolazoline-4262-up","15","1","1","1","0","0","NA","NA"
"25","cycloserine-6782-up","15","1","1","1","0","0","NA","NA"
"25","pyridoxine-1759-up","15","1","1","1","0","0","NA","NA"
"26","vorinostat-1161-dn","13","2","0","2","0","0","0.00186242805035638","0.0419046311330184"
"26","vorinostat-6179-dn","13","2","0","1","0","0","NA","NA"
"26","trichostatin A-1175-dn","13","2","0","2","0","0","0.00186242805035638","0.0419046311330184"
"26","phenylpropanolamine-3217-up","13","2","0","1","0","0","NA","NA"
"26","azathioprine-5627-up","13","2","0","1","0","0","NA","NA"
"26","betamethasone-1590-up","13","2","0","1","0","0","NA","NA"
"26","tretinoin-1548-up","13","2","0","1","0","0","NA","NA"
"26","droperidol-5690-up","13","2","0","1","0","0","NA","NA"
"26","cephaeline-2429-up","13","2","0","1","0","0","NA","NA"
"26","imipramine-5440-up","13","2","0","1","0","0","NA","NA"
"26","chlorzoxazone-2263-up","13","2","0","1","0","0","NA","NA"
"26","zuclopenthixol-4261-up","13","2","0","1","0","0","NA","NA"
"26","remoxipride-5443-up","13","2","0","2","1","0","0.00186242805035638","0.0423279102353722"
"26","benserazide-6482-up","13","2","0","1","0","0","NA","NA"
"26","dicycloverine-4405-up","13","2","0","1","0","0","NA","NA"
"26","dimethadione-4607-up","13","2","0","1","0","0","NA","NA"
"26","tolazoline-4262-up","13","2","0","1","0","0","NA","NA"
"27","15-delta prostaglandin J2-2691-dn","10","2","0","1","0","0","0.0489003911418305","0.0489003911418305"
"27","amiodarone-2434-dn","10","2","0","2","0","0","0.00108503842061186","0.0489003911418305"
"27","tretinoin-1152-up","10","2","0","2","0","0","0.00108503842061186","0.0217755986481414"
"27","azathioprine-5627-up","10","2","0","1","0","0","0.0489003911418305","0.0489003911418305"
"27","Prestwick-983-3141-up","10","2","0","1","0","0","0.0489003911418305","0.0489003911418305"
"27","dobutamine-1589-up","10","2","0","2","0","0","0.00108503842061186","0.0217755986481414"
"27","mebendazole-2338-up","10","2","0","1","0","0","0.0489003911418305","0.0489003911418305"
"27","tretinoin-2671-up","10","2","0","1","0","0","0.0489003911418305","0.0489003911418305"
"27","tretinoin-6170-up","10","2","0","1","0","0","0.0489003911418305","0.0489003911418305"
"27","benzamil-3635-up","10","2","0","1","0","0","0.0489003911418305","0.0489003911418305"
"27","bromocriptine-2007-up","10","2","0","2","0","0","0.00108503842061186","0.0217755986481414"
"27","solasodine-6025-up","10","2","0","1","0","0","0.0489003911418305","0.0489003911418305"
"27","piromidic acid-4398-up","10","2","0","2","0","0","0.00108503842061186","0.0217755986481414"
"27","nabumetone-6487-up","10","2","0","1","0","0","0.0489003911418305","0.0489003911418305"
"27","alprostadil-2938-up","10","2","0","1","0","0","0.0489003911418305","0.0489003911418305"
"27","guaifenesin-3897-up","10","2","0","1","0","0","0.0489003911418305","0.0489003911418305"
"27","lobelanidine-2897-up","10","2","0","1","0","0","0.0489003911418305","0.0489003911418305"
"27","practolol-4603-up","10","2","0","1","0","0","0.0489003911418305","0.0489003911418305"
"27","halcinonide-2185-up","10","2","0","1","0","0","0.0489003911418305","0.0489003911418305"
"27","zuclopenthixol-4261-up","10","2","0","1","0","0","0.0489003911418305","0.0489003911418305"
"27","labetalol-1550-up","10","2","0","1","0","0","0.0489003911418305","0.0489003911418305"
"27","heliotrine-4277-up","10","2","0","1","0","0","0.0489003911418305","0.0489003911418305"
"27","benserazide-6482-up","10","2","0","2","0","0","0.00108503842061186","0.0217755986481414"
"27","dicycloverine-4405-up","10","2","0","1","0","0","0.0489003911418305","0.0489003911418305"
"27","rolipram-3072-up","10","2","0","1","0","0","0.0489003911418305","0.0489003911418305"
"27","piperacillin-3939-up","10","2","0","1","0","0","0.0489003911418305","0.0489003911418305"
"27","cycloserine-6782-up","10","2","0","1","0","0","0.0489003911418305","0.0489003911418305"
"27","pyrvinium-6339-up","10","2","0","1","0","0","0.0489003911418305","0.0489003911418305"
"28","vorinostat-1161-dn","11","2","0","1","0","0","NA","NA"
"28","papaverine-1755-dn","11","2","0","1","0","0","NA","NA"
"28","LY-294002-6198-dn","11","2","0","1","0","0","NA","NA"
"28","alprostadil-2938-dn","11","2","0","1","0","0","NA","NA"
"28","albendazole-1547-dn","11","2","0","1","0","0","NA","NA"
"28","mepacrine-1563-dn","11","2","0","1","0","0","NA","NA"
"28","trichostatin A-1306-dn","11","2","0","1","0","0","NA","NA"
"28","ellipticine-1765-dn","11","2","0","1","0","0","NA","NA"
"28","nocodazole-1393-dn","11","2","0","1","0","0","NA","NA"
"28","quinpirole-2977-dn","11","2","0","1","0","0","NA","NA"
"28","wortmannin-6202-dn","11","2","0","1","0","0","NA","NA"
"28","15-delta prostaglandin J2-2691-dn","11","2","0","1","0","0","NA","NA"
"28","tretinoin-1152-up","11","2","0","1","0","0","NA","NA"
"28","azathioprine-5627-up","11","2","0","1","0","0","NA","NA"
"28","betamethasone-1590-up","11","2","0","1","0","0","NA","NA"
"28","dobutamine-1589-up","11","2","0","1","0","0","NA","NA"
"28","methylergometrine-1607-up","11","2","0","1","0","0","NA","NA"
"28","tretinoin-2671-up","11","2","0","1","0","0","NA","NA"
"28","tretinoin-6170-up","11","2","0","1","0","0","NA","NA"
"28","decamethonium bromide-4094-up","11","2","0","1","0","0","NA","NA"
"28","piromidic acid-4398-up","11","2","0","1","0","0","NA","NA"
"28","imipramine-5440-up","11","2","0","1","0","0","NA","NA"
"28","lithocholic acid-2571-up","11","2","0","1","0","0","NA","NA"
"28","lobelanidine-2897-up","11","2","0","1","0","0","NA","NA"
"28","practolol-4603-up","11","2","0","1","0","0","NA","NA"
"28","halcinonide-2185-up","11","2","0","1","0","0","NA","NA"
"28","zuclopenthixol-4261-up","11","2","0","2","0","0","0.0013218400851343","0.0536582567508638"
"28","remoxipride-5443-up","11","2","0","1","0","0","NA","NA"
"28","benserazide-6482-up","11","2","0","1","0","0","NA","NA"
"28","hydralazine-2311-up","11","2","0","1","0","0","NA","NA"
"28","benzthiazide-6607-up","11","2","0","1","0","0","NA","NA"
"29","LY-294002-6186-dn","6","3","0","1","1","0","0.0296309633944118","0.0296309633944118"
"29","LY-294002-2696-dn","6","3","0","1","1","0","0.0296309633944118","0.0296309633944118"
"29","LY-294002-6195-dn","6","3","0","1","1","0","0.0296309633944118","0.0296309633944118"
"29","LY-294002-6198-dn","6","3","0","1","1","0","0.0296309633944118","0.0296309633944118"
"29","atovaquone-2480-dn","6","3","0","1","0","0","0.0296309633944118","0.0296309633944118"
"29","nocodazole-1393-dn","6","3","0","1","1","0","0.0296309633944118","0.0296309633944118"
"29","wortmannin-6202-dn","6","3","0","1","1","0","0.0296309633944118","0.0296309633944118"
"29","raloxifene-376-dn","6","3","0","1","0","0","0.0296309633944118","0.0296309633944118"
"29","colchicine-1598-dn","6","3","0","1","1","0","0.0296309633944118","0.0296309633944118"
"29","betamethasone-1590-up","6","3","0","1","0","0","0.0296309633944118","0.0296309633944118"
"29","tretinoin-1548-up","6","3","0","1","0","0","0.0296309633944118","0.0296309633944118"
"29","nicotinic acid-3381-up","6","3","0","1","1","0","0.0296309633944118","0.0296309633944118"
"29","solasodine-6025-up","6","3","0","1","1","0","0.0296309633944118","0.0296309633944118"
"29","piromidic acid-4398-up","6","3","0","1","1","0","0.0296309633944118","0.0296309633944118"
"29","nabumetone-6487-up","6","3","0","1","0","0","0.0296309633944118","0.0296309633944118"
"29","lithocholic acid-2571-up","6","3","0","1","0","0","0.0296309633944118","0.0296309633944118"
"29","methoxsalen-6661-up","6","3","0","1","0","0","0.0296309633944118","0.0296309633944118"
"29","selegiline-4065-up","6","3","0","1","1","0","0.0296309633944118","0.0296309633944118"
"29","labetalol-1550-up","6","3","0","1","0","0","0.0296309633944118","0.0296309633944118"
"29","hydralazine-2311-up","6","3","0","1","0","0","0.0296309633944118","0.0296309633944118"
"29","piperacillin-3939-up","6","3","0","1","1","0","0.0296309633944118","0.0296309633944118"
"29","tolazoline-4262-up","6","3","0","2","1","0","0.000366432168048497","0.011771633398558"
"29","cinchocaine-4068-up","6","3","0","1","1","0","0.0296309633944118","0.0296309633944118"
"29","benzthiazide-6607-up","6","3","0","1","1","0","0.0296309633944118","0.0296309633944118"
"29","pyridoxine-1759-up","6","3","0","1","0","0","0.0296309633944118","0.0296309633944118"
"30","vorinostat-1161-dn","9","2","0","1","0","0","0.0441188457824273","0.0441188457824273"
"30","vorinostat-6179-dn","9","2","0","1","0","0","0.0441188457824273","0.0441188457824273"
"30","trichostatin A-1175-dn","9","2","0","1","0","0","0.0441188457824273","0.0441188457824273"
"30","trichostatin A-6193-dn","9","2","0","1","0","0","0.0441188457824273","0.0441188457824273"
"30","vorinostat-2680-dn","9","2","0","1","0","0","0.0441188457824273","0.0441188457824273"
"30","LY-294002-6186-dn","9","2","0","1","0","0","0.0441188457824273","0.0441188457824273"
"30","LY-294002-2696-dn","9","2","0","2","0","0","0.000870867194754317","0.0100149727396746"
"30","lycorine-2195-dn","9","2","0","1","0","0","0.0441188457824273","0.0441188457824273"
"30","LY-294002-6198-dn","9","2","0","1","0","0","0.0441188457824273","0.0441188457824273"
"30","valproic acid-410-dn","9","2","0","1","0","0","0.0441188457824273","0.0441188457824273"
"30","anisomycin-1304-dn","9","2","0","1","0","0","0.0441188457824273","0.0441188457824273"
"30","trichostatin A-2694-dn","9","2","0","1","0","0","0.0441188457824273","0.0441188457824273"
"30","trichostatin A-1306-dn","9","2","0","2","0","0","0.000870867194754317","0.0100149727396746"
"30","atovaquone-2480-dn","9","2","0","1","0","0","0.0441188457824273","0.0441188457824273"
"30","lasalocid-3021-dn","9","2","0","1","0","0","0.0441188457824273","0.0441188457824273"
"30","wortmannin-6202-dn","9","2","0","1","0","0","0.0441188457824273","0.0441188457824273"
"30","netilmicin-2963-dn","9","2","0","1","0","0","0.0441188457824273","0.0441188457824273"
"30","15-delta prostaglandin J2-2691-dn","9","2","0","1","0","0","0.0441188457824273","0.0441188457824273"
"30","tretinoin-1152-up","9","2","0","1","0","0","0.0441188457824273","0.0441188457824273"
"30","Prestwick-983-3141-up","9","2","0","1","0","0","0.0441188457824273","0.0441188457824273"
"30","picrotoxinin-2161-up","9","2","0","1","1","0","0.0441188457824273","0.0441188457824273"
"30","methylergometrine-1607-up","9","2","0","1","0","0","0.0441188457824273","0.0441188457824273"
"30","tretinoin-2671-up","9","2","0","1","0","0","0.0441188457824273","0.0441188457824273"
"30","tretinoin-6170-up","9","2","0","2","0","0","0.000870867194754317","0.024819715050498"
"30","decamethonium bromide-4094-up","9","2","0","1","0","0","0.0441188457824273","0.0441188457824273"
"30","crotamiton-5689-up","9","2","0","1","0","0","0.0441188457824273","0.0441188457824273"
"30","imipramine-5440-up","9","2","0","1","0","0","0.0441188457824273","0.0441188457824273"
"30","lobelanidine-2897-up","9","2","0","1","0","0","0.0441188457824273","0.0441188457824273"
"30","practolol-4603-up","9","2","0","2","1","0","0.000870867194754317","0.024819715050498"
"30","zuclopenthixol-4261-up","9","2","0","1","0","0","0.0441188457824273","0.0441188457824273"
"30","remoxipride-5443-up","9","2","0","1","0","0","0.0441188457824273","0.0441188457824273"
"30","methoxsalen-6661-up","9","2","0","1","1","0","0.0441188457824273","0.0441188457824273"
"30","hydralazine-2311-up","9","2","0","1","0","0","0.0441188457824273","0.0441188457824273"
"30","dimethadione-4607-up","9","2","0","1","1","0","0.0441188457824273","0.0441188457824273"
"30","cinchocaine-4068-up","9","2","0","1","1","0","0.0441188457824273","0.0441188457824273"
"30","pyridoxine-1759-up","9","2","0","1","0","0","0.0441188457824273","0.0441188457824273"
"31","vorinostat-1161-dn","5","2","0","1","0","0","0.0247535287182936","0.0247535287182936"
"31","vorinostat-6179-dn","5","2","0","1","0","0","0.0247535287182936","0.0247535287182936"
"31","trichostatin A-1175-dn","5","2","0","1","0","0","0.0247535287182936","0.0247535287182936"
"31","trichostatin A-6193-dn","5","2","0","1","0","0","0.0247535287182936","0.0247535287182936"
"31","vorinostat-2680-dn","5","2","0","1","0","0","0.0247535287182936","0.0247535287182936"
"31","alprostadil-2938-dn","5","2","0","1","0","0","0.0247535287182936","0.0247535287182936"
"31","ellipticine-1765-dn","5","2","0","1","0","0","0.0247535287182936","0.0247535287182936"
"31","nocodazole-1393-dn","5","2","0","1","0","0","0.0247535287182936","0.0247535287182936"
"31","tretinoin-1152-up","5","2","0","1","0","0","0.0247535287182936","0.0247535287182936"
"31","phenylpropanolamine-3217-up","5","2","0","1","0","0","0.0247535287182936","0.0247535287182936"
"31","tretinoin-2671-up","5","2","0","1","0","0","0.0247535287182936","0.0247535287182936"
"31","tretinoin-6170-up","5","2","0","1","0","0","0.0247535287182936","0.0247535287182936"
"31","practolol-4603-up","5","2","0","1","0","0","0.0247535287182936","0.0247535287182936"
"31","methoxsalen-6661-up","5","2","0","1","0","0","0.0247535287182936","0.0247535287182936"
"32","vorinostat-1161-dn","20","2","0","2","0","0","0.00443449984753605","0.0898396820963785"
"32","vorinostat-6179-dn","20","2","0","2","0","0","0.00443449984753605","0.0898396820963785"
"32","trichostatin A-1175-dn","20","2","0","2","0","0","0.00443449984753605","0.0898396820963785"
"32","vorinostat-2680-dn","20","2","0","1","0","0","NA","NA"
"32","LY-294002-6195-dn","20","2","0","1","0","0","NA","NA"
"32","LY-294002-6198-dn","20","2","0","1","0","0","NA","NA"
"32","parthenolide-1736-dn","20","2","0","2","0","0","0.00443449984753605","0.0898396820963785"
"32","trichostatin A-2694-dn","20","2","0","1","0","0","NA","NA"
"32","piperlongumine-1764-dn","20","2","0","1","0","0","NA","NA"
"32","raloxifene-376-dn","20","2","0","3","0","0","0.00012997496316054","0.0710963048488156"
"32","15-delta prostaglandin J2-2691-dn","20","2","0","1","0","0","NA","NA"
"32","amiodarone-2434-dn","20","2","0","1","0","0","NA","NA"
"32","Prestwick-983-3141-up","20","2","0","1","0","0","NA","NA"
"32","betamethasone-1590-up","20","2","0","1","0","0","NA","NA"
"32","dobutamine-1589-up","20","2","0","1","0","0","NA","NA"
"32","tretinoin-1548-up","20","2","0","1","0","0","NA","NA"
"32","emetine-2145-up","20","2","0","2","0","0","0.00443449984753605","0.0684179976476991"
"32","mebendazole-2338-up","20","2","0","2","0","0","0.00443449984753605","0.0684179976476991"
"32","picrotoxinin-2161-up","20","2","0","1","0","0","NA","NA"
"32","methylergometrine-1607-up","20","2","0","2","0","0","0.00443449984753605","0.0684179976476991"
"32","cephaeline-2429-up","20","2","0","3","0","0","0.00012997496316054","0.0491305360746843"
"32","pizotifen-5072-up","20","2","0","1","0","0","NA","NA"
"32","decamethonium bromide-4094-up","20","2","0","1","0","0","NA","NA"
"32","benzamil-3635-up","20","2","0","1","0","0","NA","NA"
"32","bromocriptine-2007-up","20","2","0","1","0","0","NA","NA"
"32","crotamiton-5689-up","20","2","0","1","0","0","NA","NA"
"32","imipramine-5440-up","20","2","0","1","0","0","NA","NA"
"32","pergolide-2403-up","20","2","0","2","0","0","0.00443449984753605","0.0684179976476991"
"32","MG-262-7068-up","20","2","0","1","0","0","NA","NA"
"32","alprostadil-2938-up","20","2","0","1","0","0","NA","NA"
"32","guaifenesin-3897-up","20","2","0","1","0","0","NA","NA"
"32","tanespimycin-4430-up","20","2","0","1","0","0","NA","NA"
"32","pimozide-6780-up","20","2","0","1","0","0","NA","NA"
"32","dihydroergotamine-1398-up","20","2","0","1","0","0","NA","NA"
"32","halcinonide-2185-up","20","2","0","1","0","0","NA","NA"
"32","chlorzoxazone-2263-up","20","2","0","1","0","0","NA","NA"
"32","zuclopenthixol-4261-up","20","2","0","2","0","0","0.00443449984753605","0.0684179976476991"
"32","remoxipride-5443-up","20","2","0","1","1","0","NA","NA"
"32","methoxsalen-6661-up","20","2","0","1","0","0","NA","NA"
"32","labetalol-1550-up","20","2","0","1","0","0","NA","NA"
"32","benserazide-6482-up","20","2","0","1","1","0","NA","NA"
"32","demeclocycline-4267-up","20","2","0","2","0","0","0.00443449984753605","0.0684179976476991"
"32","MG-262-7079-up","20","2","0","1","0","0","NA","NA"
"32","tolazoline-4262-up","20","2","0","1","0","0","NA","NA"
"32","cinchocaine-4068-up","20","2","0","1","0","0","NA","NA"
"32","benzthiazide-6607-up","20","2","0","1","0","0","NA","NA"
"32","hydrastine hydrochloride-6011-up","20","2","0","1","0","0","NA","NA"
"32","pyridoxine-1759-up","20","2","0","1","0","0","NA","NA"
"32","pyrvinium-6339-up","20","2","0","1","0","0","NA","NA"
"33","vorinostat-1161-dn","14","2","0","1","0","0","NA","NA"
"33","vorinostat-6179-dn","14","2","0","1","0","0","NA","NA"
"33","trichostatin A-1175-dn","14","2","0","1","0","0","NA","NA"
"33","trichostatin A-6193-dn","14","2","0","1","0","0","NA","NA"
"33","vorinostat-2680-dn","14","2","0","1","0","0","NA","NA"
"33","LY-294002-2696-dn","14","2","0","1","0","0","NA","NA"
"33","lycorine-2195-dn","14","2","0","1","0","0","NA","NA"
"33","valproic acid-410-dn","14","2","0","1","0","0","NA","NA"
"33","anisomycin-1304-dn","14","2","0","1","0","0","NA","NA"
"33","trichostatin A-2694-dn","14","2","0","1","0","0","NA","NA"
"33","atovaquone-2480-dn","14","2","0","1","0","0","NA","NA"
"33","lasalocid-3021-dn","14","2","0","1","0","0","NA","NA"
"33","15-delta prostaglandin J2-2691-dn","14","2","0","1","0","0","NA","NA"
"33","tretinoin-1152-up","14","2","0","2","0","0","0.00216576516004231","0.0184090038603597"
"33","azathioprine-5627-up","14","2","0","3","0","0","4.24153224447596e-05","0.00544801252734912"
"33","betamethasone-1590-up","14","2","0","1","0","0","NA","NA"
"33","dobutamine-1589-up","14","2","0","3","0","0","4.24153224447596e-05","0.00544801252734912"
"33","mebendazole-2338-up","14","2","0","1","0","0","NA","NA"
"33","picrotoxinin-2161-up","14","2","0","1","0","0","NA","NA"
"33","tretinoin-2671-up","14","2","0","1","0","0","NA","NA"
"33","tretinoin-6170-up","14","2","0","2","0","0","0.00216576516004231","0.0184090038603597"
"33","cephaeline-2429-up","14","2","0","1","0","0","NA","NA"
"33","pizotifen-5072-up","14","2","0","1","0","0","NA","NA"
"33","benzamil-3635-up","14","2","0","1","0","0","NA","NA"
"33","nicotinic acid-3381-up","14","2","0","2","0","0","0.00216576516004231","0.0184090038603597"
"33","solasodine-6025-up","14","2","0","2","0","0","0.00216576516004231","0.0184090038603597"
"33","piromidic acid-4398-up","14","2","0","1","0","0","NA","NA"
"33","imipramine-5440-up","14","2","0","1","0","0","NA","NA"
"33","nabumetone-6487-up","14","2","0","2","0","0","0.00216576516004231","0.0184090038603597"
"33","valinomycin-5911-up","14","2","0","1","0","0","NA","NA"
"33","guaifenesin-3897-up","14","2","0","1","0","0","NA","NA"
"33","tanespimycin-4430-up","14","2","0","3","0","0","4.24153224447596e-05","0.00544801252734912"
"33","lithocholic acid-2571-up","14","2","0","1","0","0","NA","NA"
"33","pimozide-6780-up","14","2","0","1","0","0","NA","NA"
"33","lobelanidine-2897-up","14","2","0","2","0","0","0.00216576516004231","0.0184090038603597"
"33","practolol-4603-up","14","2","0","2","0","0","0.00216576516004231","0.0184090038603597"
"33","halcinonide-2185-up","14","2","0","2","0","0","0.00216576516004231","0.0184090038603597"
"33","methoxsalen-6661-up","14","2","0","2","1","0","0.00216576516004231","0.0184090038603597"
"33","labetalol-1550-up","14","2","0","1","0","0","NA","NA"
"33","pivampicillin-2945-up","14","2","0","2","0","0","0.00216576516004231","0.0184090038603597"
"33","demeclocycline-4267-up","14","2","0","1","0","0","NA","NA"
"33","rolipram-3072-up","14","2","0","1","0","0","NA","NA"
"33","piperacillin-3939-up","14","2","0","1","0","0","NA","NA"
"33","tolazoline-4262-up","14","2","0","1","0","0","NA","NA"
"33","cinchocaine-4068-up","14","2","0","1","0","0","NA","NA"
"33","benzthiazide-6607-up","14","2","0","2","0","0","0.00216576516004231","0.0184090038603597"
"33","hydrastine hydrochloride-6011-up","14","2","0","3","0","0","4.24153224447596e-05","0.00544801252734912"
"33","cycloserine-6782-up","14","2","0","2","0","0","0.00216576516004231","0.0184090038603597"
"33","pyridoxine-1759-up","14","2","0","1","0","0","NA","NA"
"34","vorinostat-2680-dn","6","2","0","1","0","0","0.0296309633944118","0.0296309633944118"
"34","LY-294002-6195-dn","6","2","0","1","0","0","0.0296309633944118","0.0296309633944118"
"34","netilmicin-2963-dn","6","2","0","1","0","0","0.0296309633944118","0.0296309633944118"
"34","raloxifene-376-dn","6","2","0","1","0","0","0.0296309633944118","0.0296309633944118"
"34","dicloxacillin-2445-dn","6","2","0","1","0","0","0.0296309633944118","0.0296309633944118"
"34","amiodarone-2434-dn","6","2","0","1","0","0","0.0296309633944118","0.0296309633944118"
"34","azathioprine-5627-up","6","2","0","1","0","0","0.0296309633944118","0.0296309633944118"
"34","ivermectin-2213-up","6","2","0","1","0","0","0.0296309633944118","0.0296309633944118"
"34","decamethonium bromide-4094-up","6","2","0","1","1","0","0.0296309633944118","0.0296309633944118"
"34","norcyclobenzaprine-4190-up","6","2","0","1","0","0","0.0296309633944118","0.0296309633944118"
"34","chlorzoxazone-2263-up","6","2","0","1","0","0","0.0296309633944118","0.0296309633944118"
"34","remoxipride-5443-up","6","2","0","1","0","0","0.0296309633944118","0.0296309633944118"
"34","dicycloverine-4405-up","6","2","0","1","0","0","0.0296309633944118","0.0296309633944118"
"34","benzthiazide-6607-up","6","2","0","1","0","0","0.0296309633944118","0.0296309633944118"
"35","anisomycin-1304-dn","4","2","0","1","0","0","0.0198518267597581","0.0198518267597581"
"35","netilmicin-2963-dn","4","2","0","1","1","0","0.0198518267597581","0.0198518267597581"
"36","vorinostat-1161-dn","9","1","1","5","0","0","3.50229414052417e-10","4.8681888553286e-08"
"36","vorinostat-6179-dn","9","1","1","4","0","0","7.27115652840578e-08","3.36896919149468e-06"
"36","trichostatin A-1175-dn","9","1","1","4","0","0","7.27115652840578e-08","3.36896919149468e-06"
"36","trichostatin A-6193-dn","9","1","1","3","0","0","9.96771633068282e-06","0.000346378142491228"
"36","vorinostat-2680-dn","9","1","1","2","0","0","0.000870867194754317","0.0110045945518955"
"36","LY-294002-6195-dn","9","1","1","1","0","0","0.0441188457824273","0.0441188457824273"
"36","lycorine-2195-dn","9","1","1","2","0","0","0.000870867194754317","0.0110045945518955"
"36","valproic acid-410-dn","9","1","1","2","0","0","0.000870867194754317","0.0110045945518955"
"36","alprostadil-2938-dn","9","1","1","1","0","0","0.0441188457824273","0.0441188457824273"
"36","parthenolide-1736-dn","9","1","1","1","0","0","0.0441188457824273","0.0441188457824273"
"36","albendazole-1547-dn","9","1","1","1","0","0","0.0441188457824273","0.0441188457824273"
"36","anisomycin-1304-dn","9","1","1","1","0","0","0.0441188457824273","0.0441188457824273"
"36","trichostatin A-2694-dn","9","1","1","2","0","0","0.000870867194754317","0.0110045945518955"
"36","atovaquone-2480-dn","9","1","1","1","0","0","0.0441188457824273","0.0441188457824273"
"36","piperlongumine-1764-dn","9","1","1","1","0","0","0.0441188457824273","0.0441188457824273"
"36","quinpirole-2977-dn","9","1","1","1","0","0","0.0441188457824273","0.0441188457824273"
"36","lasalocid-3021-dn","9","1","1","1","0","0","0.0441188457824273","0.0441188457824273"
"36","dicloxacillin-2445-dn","9","1","1","1","0","0","0.0441188457824273","0.0441188457824273"
"36","15-delta prostaglandin J2-2691-dn","9","1","1","1","0","0","0.0441188457824273","0.0441188457824273"
"36","colchicine-1598-dn","9","1","1","1","0","0","0.0441188457824273","0.0441188457824273"
"36","amiodarone-2434-dn","9","1","1","1","0","0","0.0441188457824273","0.0441188457824273"
"36","tretinoin-1152-up","9","1","1","1","0","0","0.0441188457824273","0.0441188457824273"
"36","phenylpropanolamine-3217-up","9","1","1","1","0","0","0.0441188457824273","0.0441188457824273"
"36","Prestwick-983-3141-up","9","1","1","1","0","0","0.0441188457824273","0.0441188457824273"
"36","betamethasone-1590-up","9","1","1","2","0","0","0.000870867194754317","0.0130992940544295"
"36","dobutamine-1589-up","9","1","1","1","0","0","0.0441188457824273","0.0441188457824273"
"36","tretinoin-1548-up","9","1","1","2","0","0","0.000870867194754317","0.0130992940544295"
"36","emetine-2145-up","9","1","1","1","0","0","0.0441188457824273","0.0441188457824273"
"36","methylergometrine-1607-up","9","1","1","2","0","0","0.000870867194754317","0.0130992940544295"
"36","droperidol-5690-up","9","1","1","1","0","0","0.0441188457824273","0.0441188457824273"
"36","tretinoin-2671-up","9","1","1","1","0","0","0.0441188457824273","0.0441188457824273"
"36","tretinoin-6170-up","9","1","1","1","0","0","0.0441188457824273","0.0441188457824273"
"36","cephaeline-2429-up","9","1","1","2","0","0","0.000870867194754317","0.0130992940544295"
"36","bromocriptine-2007-up","9","1","1","1","0","0","0.0441188457824273","0.0441188457824273"
"36","pergolide-2403-up","9","1","1","2","0","0","0.000870867194754317","0.0130992940544295"
"36","alprostadil-2938-up","9","1","1","1","0","0","0.0441188457824273","0.0441188457824273"
"36","dihydroergotamine-1398-up","9","1","1","1","0","0","0.0441188457824273","0.0441188457824273"
"36","remoxipride-5443-up","9","1","1","1","1","0","0.0441188457824273","0.0441188457824273"
"36","labetalol-1550-up","9","1","1","1","0","0","0.0441188457824273","0.0441188457824273"
"36","heliotrine-4277-up","9","1","1","1","0","1","0.0441188457824273","0.0441188457824273"
"36","pivampicillin-2945-up","9","1","1","1","0","0","0.0441188457824273","0.0441188457824273"
"36","dimethadione-4607-up","9","1","1","1","0","1","0.0441188457824273","0.0441188457824273"
"36","tolazoline-4262-up","9","1","1","2","0","0","0.000870867194754317","0.0130992940544295"
"37","vorinostat-1161-dn","16","2","1","4","0","0","1.02242927484908e-06","0.000275544689571827"
"37","vorinostat-6179-dn","16","2","1","3","0","0","6.4781775896681e-05","0.0116391257361037"
"37","trichostatin A-1175-dn","16","2","1","4","0","0","1.02242927484908e-06","0.000275544689571827"
"37","trichostatin A-6193-dn","16","2","1","2","0","0","0.00283741499181759","0.0770964289305897"
"37","vorinostat-2680-dn","16","2","1","2","0","0","0.00283741499181759","0.0770964289305897"
"37","papaverine-1755-dn","16","2","1","1","0","0","NA","NA"
"37","lycorine-2195-dn","16","2","1","2","0","0","0.00283741499181759","0.0770964289305897"
"37","valproic acid-410-dn","16","2","1","1","0","0","NA","NA"
"37","albendazole-1547-dn","16","2","1","1","0","0","NA","NA"
"37","anisomycin-1304-dn","16","2","1","1","0","0","NA","NA"
"37","trichostatin A-2694-dn","16","2","1","1","0","0","NA","NA"
"37","mepacrine-1563-dn","16","2","1","1","0","0","NA","NA"
"37","atovaquone-2480-dn","16","2","1","1","0","0","NA","NA"
"37","piperlongumine-1764-dn","16","2","1","1","0","0","NA","NA"
"37","raloxifene-376-dn","16","2","1","1","0","0","NA","NA"
"37","dicloxacillin-2445-dn","16","2","1","1","0","0","NA","NA"
"37","15-delta prostaglandin J2-2691-dn","16","2","1","1","0","0","NA","NA"
"37","tretinoin-1152-up","16","2","1","1","0","0","NA","NA"
"37","betamethasone-1590-up","16","2","1","2","0","0","0.00283741499181759","0.0545729483426251"
"37","dobutamine-1589-up","16","2","1","1","0","0","NA","NA"
"37","tretinoin-1548-up","16","2","1","2","0","0","0.00283741499181759","0.0545729483426251"
"37","mebendazole-2338-up","16","2","1","1","0","0","NA","NA"
"37","methylergometrine-1607-up","16","2","1","1","0","0","NA","NA"
"37","droperidol-5690-up","16","2","1","1","0","0","NA","NA"
"37","tretinoin-2671-up","16","2","1","1","0","0","NA","NA"
"37","tretinoin-6170-up","16","2","1","1","0","0","NA","NA"
"37","cephaeline-2429-up","16","2","1","1","0","0","NA","NA"
"37","decamethonium bromide-4094-up","16","2","1","1","0","0","NA","NA"
"37","solasodine-6025-up","16","2","1","1","0","0","NA","NA"
"37","piromidic acid-4398-up","16","2","1","1","0","0","NA","NA"
"37","crotamiton-5689-up","16","2","1","3","0","0","6.4781775896681e-05","0.0186895423461925"
"37","pergolide-2403-up","16","2","1","1","0","0","NA","NA"
"37","dihydroergotamine-1398-up","16","2","1","1","0","0","NA","NA"
"37","halcinonide-2185-up","16","2","1","1","0","0","NA","NA"
"37","remoxipride-5443-up","16","2","1","1","1","0","NA","NA"
"37","methoxsalen-6661-up","16","2","1","1","0","0","NA","NA"
"37","heliotrine-4277-up","16","2","1","1","0","1","NA","NA"
"37","hydralazine-2311-up","16","2","1","1","0","0","NA","NA"
"37","dimethadione-4607-up","16","2","1","1","0","1","NA","NA"
"37","piperacillin-3939-up","16","2","1","1","0","0","NA","NA"
"37","tolazoline-4262-up","16","2","1","1","0","0","NA","NA"
