"","Term","Overlap","P.value","Adjusted.P.value","Old.P.value","Old.Adjusted.P.value","Odds.Ratio","Combined.Score","Genes","%protein","num_protein"
"1","doxorubicin homo sapiens gpl10558 gse42531 chdir down","88/1265",6.28778380729287e-24,4.38887309749042e-21,0,0,3.31262939958592,176.972036634743,"IFITM3;SERPINA3;IFITM1;IFITM2;CD83;GTF2B;SRP54;TNFAIP3;UBE2L6;ARID4B;CXCL1;IFI35;IFI30;IFIT1;N4BP2L2;IFIT3;IFI44L;TPGS2;RCBTB2;IFIT2;OASL;HERC5;CASP7;RB1CC1;NAMPT;TNFSF10;JUNB;TRIM21;HERC6;SRGN;KLF10;RSAD2;MMD;DDX58;HLA-B;TAP1;HLA-C;HLA-F;COQ10B;TAPBP;IFI27;OAS1;OAS2;IRF1;OAS3;NINJ1;IRF7;PSME2;RBCK1;LAP3;RHCG;CFB;IRF9;HBEGF;BIRC3;PRPS2;NAPA;HIST1H2BK;IFI6;GLRX;HOXD11;DDX60;TANK;PSMB10;HLA-DMA;GBP1;DECR1;GADD45B;GCH1;CD70;STAT3;MX1;M6PR;IFI44;TDRD7;ISG15;TOR1B;SOD2;PSMB8;NFKB1;PARP12;PSMB9;BST2;BAMBI;ATG2A;ZYX;MAN2B1;XAF1",1.13636363636364,1
"2","sirolimus homo sapiens gpl8300 gds3603 chdir up","83/1225",8.56676585336089e-22,2.98980128282295e-19,0,0,3.22643343051506,156.511000445195,"IFITM3;IFITM1;SERPINA1;IFITM2;CD83;FAM89B;GTF2B;TNFAIP3;UBE2L6;ARID4B;IFI35;IFI30;LITAF;CHD1;CXCL2;OASL;DUSP11;NAMPT;RNPEP;TNFSF10;RAC2;DENND5A;NBN;TGIF1;WARS;DESI2;TAP1;ARID5B;PRPF40A;CYBA;HLA-F;TAPBP;TGFBR2;CTDNEP1;ARL4C;ZNF91;TMX1;IRF1;PSME2;TBPL1;RBCK1;RIN2;IRF9;PSMD11;CNP;IFI6;ZC3HAV1;KLC1;IL2RG;PSMB10;GNAI2;HLA-DMA;CUX1;STAT4;CCL2;STAT6;CSK;SH2B3;GBP1;DECR1;TGFB1;H3F3B;GADD45B;GCH1;STAT3;SMARCA5;HUWE1;EIF2AK2;ISG15;SOD2;NFKB1;PSMB9;SMAD7;BST2;MOB1A;MFAP1;HLA-DPB1;RAB9A;MAN2B1;NFKBIE;R3HDM1;MYD88;EIF4G1",0,0
"3","letrozole homo sapiens gpl3921 gse33366 chdir down","44/404",2.86362636098379e-19,6.66270399988896e-17,0,0,5.18623290900519,221.436731662115,"IFITM1;IFITM2;PSCA;CERK;MVP;IFI6;UBE2L6;IFI35;IFIT1;DDX60;LITAF;IFIT3;IFI44L;IFIT2;CLGN;OASL;MUC1;HEY1;TNFSF10;WWC3;HERC6;RSAD2;DDX58;SPAG4;HLA-B;KLK13;EMP1;TAP1;HLA-C;IFI44;ARID5B;NMI;PARP12;PSMB9;BST2;BCL6;OAS1;BAMBI;OAS2;OAS3;XAF1;RIN2;CFB;IRF9",0,0
"4","vitamin c homo sapiens gpl570 gds3635 chdir up","154/3773",3.86666744292576e-18,6.74733468790545e-16,0,0,1.94363459669582,77.9283550314713,"IFITM3;IFITM1;IFITM2;NAB1;WBP1L;UBE2L6;ARID4B;IFI35;SPATA20;IFI30;IFIT1;LIPA;IFIT3;ELK3;TPGS2;RCBTB2;IFIT2;CNDP2;EPS8;KIAA0930;PLAU;ARHGDIB;AP1S2;TRIM24;SMCO4;NBN;PHLDA1;TRIM21;TRIM22;ATG3;CSGALNACT2;HLA-B;TAP1;CYBA;VRK2;SDHD;RUFY1;DYNC1LI1;TMX1;PSME2;KCTD12;LAP3;TRIB2;RIN2;LY6E;TSTA3;CNP;INSIG1;HTRA2;ZC3HAV1;NREP;KLC1;DDX60;EBP;SNX2;INPP5F;PLXNA1;BANP;H3F3B;GADD45B;SEC16A;PHF11;SMARCA5;ISG15;NMI;H2BFS;TOR1B;SMARCA2;NFKB1;PARP12;QDPR;MOB1A;EHD4;LPAR6;CDC16;CHMP2B;TBCE;XAF1;MYD88;AARS;DENND1B;FASTKD1;PTEN;HMGB3;ASH2L;N4BP2L2;PCMTD2;DUSP11;SCPEP1;CASP7;EFHD2;TOPBP1;IDH3A;HIST1H1C;TGIF1;KLF10;DDX58;MMP1;VPS13C;NBPF10;EMP1;PRPF40A;MED28;PJA1;TAPBP;ARL4C;PLSCR1;MDFIC;KIF2A;OAS3;PCCB;ARHGEF3;IRF7;IRF9;B4GALT5;PRPS2;NAPA;C1S;C1R;MVP;HIST1H2BK;MRPS31;IFI6;GLRX;HMGCR;PSMB10;CRYZ;ANKMY2;MUC1;GPNMB;IFI16;OXCT1;TDG;CCL2;STAT6;SF3B1;SH2B3;GBP1;SLC35A1;STAT3;C1GALT1;MX1;HUWE1;SOD2;PSMB8;PSMB9;PDP1;NAGK;CLEC2B;SNX17;AXL;PDCD4;RAB9A;R3HDM1",0,0
"5","trovafloxacin homo sapiens gpl96 gse9166 chdir up","152/3831",1.02862321757494e-16,1.43595801173462e-14,0,0,1.88934879616164,69.552862236534,"ITSN2;LPGAT1;CD83;NAB1;SPATA20;ATP12A;IFI30;LIPA;CLDN1;ELK3;CNDP2;EPS8;PLAU;ARHGDIB;NBN;JUNB;PHLDA1;ATG3;NOSIP;ARID5B;CYBA;VRK2;SDHD;THOC5;CD2AP;RUFY1;SCO2;ILVBL;RBCK1;KCTD12;CFB;SIDT2;NOTCH2;TSTA3;PSMD11;TUBGCP2;INSIG1;HTRA2;KLC1;SULT1A1;EBP;ATXN1;SNX2;INPP5F;PLXNA1;MAP4;NADK;H3F3B;M6PR;SMARCA5;EIF2AK2;ASNS;TDRD7;NMI;L1CAM;TOR1B;PARP12;MOB1A;EHD4;MAFB;BAMBI;CDC16;TBCE;ATG2A;NFKBIE;TMEM9B;MYD88;AARS;DENND1B;CXCL6;FASTKD1;SRP54;PIK3CD;HMGB3;ASH2L;CXCL1;CD3E;LITAF;RAB22A;PCMTD2;DNMT3L;RB1CC1;RNPEP;NCK2;CD36;TOPBP1;IDH3A;CD53;TGIF1;PCYT1B;WARS;ABCC2;AHSG;MMD;DESI2;VPS13C;MMP2;NBPF10;EMP1;PRPF40A;COQ10B;NIPSNAP1;MED28;PJA1;ARL4C;DUSP22;MDFIC;OAS1;OAS2;IRF7;IRF9;HBEGF;C1QB;APCS;CLDND1;ITIH2;RALB;MVP;CRCT1;MRPS31;GLRX;TANK;PARL;CRYZ;HLA-DMA;MUC1;GPNMB;IFI16;OXCT1;STAT4;CCL2;STAT6;SHOC2;SH2B3;GBP1;MPZL1;SLC35A1;HSPA1L;GCH1;STAT3;SPAG4;LAPTM5;HUWE1;ATP2B4;NAGK;AADAC;ZYX;PDCD4;R3HDM1;PTPN2;MSRB1;MEGF9",1.31578947368421,2
"6","imatinib homo sapiens gpl201 gds838 chdir down","24/154",1.77357570911597e-14,2.06325974160491e-12,0,0,7.42115027829314,234.977318133565,"IFITM3;C1QB;IFITM1;IFITM2;H3F3B;ERAP2;MMD;HLA-B;F13A1;TNFAIP3;IFIT1;CXCL2;LITAF;CRYZ;PSMB9;ZNF91;SNN;MAFB;NAGK;IFI27;GPNMB;TMX1;TNFSF10;CD14",0,0
"7","valproic acid homo sapiens gpl96 gds1050 chdir up","80/1642",8.02021136392988e-13,7.99729647431865e-11,0,0,2.3200510411229,64.6172297031187,"IFITM3;SERPINA3;IFITM1;IFITM2;PTEN;F13A1;UBE2L6;IFI30;LIPA;LITAF;TPGS2;OASL;SCPEP1;ARHGDIB;AP1S2;PHLDA1;SRGN;ATG3;FGA;WARS;SCAF11;DESI2;NBPF10;EMP1;TAP1;COQ10B;CCNB1IP1;SFRP1;IFI27;KIF2A;PSME2;TBPL1;RBCK1;TRIB1;NOTCH2;PRPS2;NAPA;COL15A1;CLDND1;PSMD11;RALB;CNP;STX18;NREP;PARL;HSD11B1;SULT1A1;PURA;HLA-DMA;SNN;SNX2;IFI16;CUX1;MAP4;RPRD1A;SF3B1;SH2B3;MPZL1;DECR1;H3F3B;STAT3;M6PR;ASNS;SMARCA2;PSMB8;IGF2R;PSMB9;BST2;CLEC2B;MLPH;CHMP2B;HLA-DPB1;NFE2L3;PDCD4;RAB9A;MMS19;XAF1;R3HDM1;EIF4G1;MEGF9",0,0
"8","hydroquinone homo sapiens gpl570 gse31641 chdir up","55/933",4.31851246008924e-12,3.76790212142786e-10,0,0,2.80712499362017,73.4571559281479,"ITSN2;LGALS3BP;SRP54;TNFAIP3;ZDHHC7;ARID4B;CXCL3;LIPA;CHD1;CXCL2;IFIT3;PCMTD2;PLAU;NAMPT;SPG11;TRIM22;HIST1H1C;TGIF1;TLE1;WARS;MMP1;VPS13C;MMP2;NBPF10;PRPF40A;HLA-F;ARL4C;IRF1;TRIB2;NOTCH2;COL15A1;INSIG1;STXBP1;MVP;HMGCR;KLC1;PACSIN2;STAT6;MAP4;SF3B1;NADK;GADD45B;SEC16A;STAT3;HUWE1;ASNS;L1CAM;SOD2;IGF2R;NAGK;MLPH;BAMBI;CDC16;EIF4G1;AARS",3.63636363636364,2
"9","isotretinoin homo sapiens gpl8300 gds3215 chdir down","19/128",2.38122385045449e-11,1.84677138624137e-09,0,0,7.06845238095238,172.900151579698,"FGB;CXCL6;SERPINB4;PSCA;HLA-C;CXCL1;IFIT1;CXCL2;IFIT3;PSMB10;IFIT2;TAPBP;OAS1;IRF1;TNFSF10;GBP1;TRIM22;CFB;HOXA4",0,0
"10","arsenic trioxide homo sapiens gpl201 gse48441 chdir up","141/3998",2.95182274049652e-11,2.06037227286657e-09,0,0,1.6794111341385,40.7190244682003,"ITSN2;ATP8A2;CD83;GTF2B;F13A1;ARID4B;IFIT1;ELK3;RCBTB2;HERC5;DPF1;ARHGDIB;AP1S2;TRIM24;JUNB;PHLDA1;TRIM21;HOXA4;NKX2-8;ATG3;PDIA2;TMOD2;VRK2;SDHD;CD2AP;SFRP1;ZNF91;LY6D;TBPL1;RBCK1;RHCG;TRIB1;SIDT2;NOTCH2;PSMD11;INSIG1;STXBP1;HTRA2;KLC1;HSD11B1;SNN;ATXN1;SNX2;ATXN7;UBR5;MAP4;ZNF267;TGFB1;GADD45B;TNFSF15;PHF11;M6PR;EIF2AK2;IFI44;H2BFS;L1CAM;IGF2R;SMAD7;MAFB;TBCE;MMS19;MAN2B1;RGL2;PSCA;SLC35F2;SRP54;PTEN;PIK3CD;TNFAIP3;CXCL1;CD3E;CHD1;CXCL2;RAB22A;DUSP11;SCPEP1;CASP7;HEY1;RAC2;CD36;TOPBP1;IDH3A;HIST1H1C;CD53;SRGN;TGIF1;KLF10;ABCC2;DDX58;MMP1;MMP2;APOA2;EMP1;PJA1;ARL4D;KIF2A;OAS1;OAS3;ARHGEF3;IRF7;PIK3C3;IRF9;HBEGF;BIRC3;B4GALT5;NAPA;COL15A1;CLDND1;TMF1;RALB;MVP;HIST1H2BK;MRPS31;IL2RG;TANK;GNAI2;CRYZ;MUC1;CUX1;OXCT1;STAT6;SHOC2;WASF1;MPZL1;HSPA1L;STAT3;C1GALT1;MX1;LAPTM5;HUWE1;SOD2;PDP1;RYBP;NAGK;CLEC2B;AXL;HLA-DPB1;ZYX;RAB9A;PTPN2;MSRB1",0.709219858156028,1
"11","imatinib homo sapiens gpl96 gds3042 chdir up","115/3004",3.1902349123263e-11,2.02434906254887e-09,0,0,1.82296620379177,44.0580696989959,"IFITM3;IFITM1;IFITM2;CERK;NAB1;ARID4B;LIPA;ELK3;CNDP2;KIAA0930;PLAU;NAMPT;ARHGDIB;AP1S2;DENND5A;SMCO4;PHLDA1;TRIM22;RNF44;USP3;HLA-C;NOSIP;ARID5B;CCNB1IP1;SFRP1;ILVBL;TMX1;NINJ1;PSME2;TBPL1;TRIB1;LY6E;TSTA3;PSMD11;MAX;INSIG1;EBP;PLXNA1;ZNF267;TGFB1;H3F3B;ASNS;IFI44;LYZ;TOR1B;SMAD7;BST2;MOB1A;EHD4;BCL6;BAMBI;ALB;CHMP2B;TBCE;NFKBIE;EIF4G1;SLC35F2;TNFAIP3;SNX10;CXCL1;CXCL3;LITAF;CHD1;CXCL2;DUSP11;SPRED2;HEY1;RNPEP;EFHD2;RAC2;PHGDH;TOPBP1;IDH3A;CD53;SRGN;TGIF1;WARS;MMD;DESI2;NBPF10;FOXL2;PRPF40A;KIF2A;OAS1;ARHGEF3;POLR1E;PIK3C3;HBEGF;PRPS2;COL15A1;CLDND1;TMF1;RALB;MRPS31;HMGCR;IL2RG;PARL;CRYZ;MUC1;OXCT1;TDG;WASF1;SF3B1;SH2B3;MPZL1;GCH1;STAT3;LAPTM5;PSMB9;RYBP;CLEC2B;SNX17;ZYX;R3HDM1;MSRB1",0,0
"12","doxorubicin homo sapiens gpl570 gse11940 chdir down","19/134",5.4125913809395e-11,3.14832398657981e-09,0,0,6.75195451314854,159.614233433634,"IFITM3;FGB;FGA;APCS;IFITM2;SERPINA1;GCH1;CCL20;INSIG1;FGG;F2;SOD2;CP;HSD11B1;EBP;NAMPT;APOB;GBP1;CFB",0,0
"13","imatinib homo sapiens gpl96 gds3049 chdir up","96/2351",7.5801734892293e-11,4.06997007344773e-09,0,0,1.94446132344899,45.3115876493281,"IFITM3;IFITM1;IFITM2;CERK;SLC35F2;NAB1;SRP54;CXCL3;LITAF;CHD1;CXCL2;ELK3;CNDP2;DUSP11;KIAA0930;HERC5;SPRED2;HEY1;PLAU;NAMPT;RNPEP;ARHGDIB;EFHD2;RAC2;PHGDH;DENND5A;SMCO4;PHLDA1;IDH3A;CD53;SRGN;TGIF1;RNF44;WARS;MMD;DESI2;NBPF10;ARID5B;FOXL2;PRPF40A;CCNB1IP1;KIF2A;ILVBL;TMX1;PSME2;TBPL1;POLR1E;TRIB1;LY6E;PRPS2;TSTA3;COL15A1;CLDND1;PSMD11;RALB;MAX;INSIG1;HMGCR;IL2RG;PARL;CRYZ;EBP;MUC1;ATXN1;OXCT1;TDG;PLXNA1;WASF1;SH2B3;ZNF267;MPZL1;TGFB1;H3F3B;GADD45B;GCH1;STAT3;LAPTM5;ASNS;H2BFS;LYZ;TOR1B;BST2;MOB1A;EHD4;RYBP;CLEC2B;BCL6;SNX17;BAMBI;CHMP2B;TBCE;ZYX;R3HDM1;MSRB1;EIF4G1;AARS",1.04166666666667,1
"14","imatinib homo sapiens gpl96 gds3046 chdir up","67/1376",8.41234060869984e-11,4.19415267490892e-09,0,0,2.31866002214839,53.7899823654452,"IFITM3;IFITM1;IFITM2;SLC35F2;CXCL3;LITAF;CHD1;CXCL2;ELK3;CNDP2;KIAA0930;SPRED2;PLAU;NAMPT;RNPEP;ARHGDIB;EFHD2;RAC2;PHGDH;DENND5A;SMCO4;IDH3A;CD53;SRGN;TGIF1;RNF44;WARS;MMD;DESI2;USP3;ARID5B;FOXL2;PRPF40A;CCNB1IP1;KIF2A;TMX1;PSME2;TBPL1;TRIB1;LY6E;PRPS2;TSTA3;PSMD11;INSIG1;HMGCR;IL2RG;PARL;CRYZ;EBP;MUC1;TDG;PLXNA1;SH2B3;MPZL1;TGFB1;H3F3B;GCH1;STAT3;LAPTM5;ASNS;BST2;EHD4;RYBP;BAMBI;ZYX;MSRB1;EIF4G1",0,0
"15","imatinib homo sapiens gpl96 gds3043 chdir up","173/5369",8.98235281983107e-11,4.17978817882806e-09,0,0,1.53438167966013,35.4951186361888,"ITSN2;IFITM3;IFITM1;ATP8A2;IFITM2;CERK;GTF2B;NAB1;ARID4B;ELK3;CNDP2;KIAA0930;PLAU;NAMPT;ARHGDIB;AP1S2;TRIM24;DENND5A;SMCO4;JUNB;PHLDA1;ATG3;RNF44;SCAF11;USP3;CSGALNACT2;TMOD2;HLA-B;HLA-C;KAZN;ARID5B;SDHD;THOC5;HLA-F;CCNB1IP1;CD2AP;SFRP1;SCO2;ILVBL;TMX1;NINJ1;PSME2;TBPL1;LAP3;TRIB1;CARS2;LY6E;NOTCH2;TSTA3;PSMD11;MAX;INSIG1;NREP;KLC1;EBP;ATXN1;INPP5F;ATXN7;UBR5;PLXNA1;STAP1;MAP4;CD14;ZNF267;ZBTB18;TGFB1;H3F3B;GADD45B;SEC16A;ASNS;KLHL23;NMI;H2BFS;LYZ;TOR1B;SMARCA2;SMAD7;BST2;MOB1A;EHD4;BCL6;BAMBI;ALB;CHMP2B;TBCE;COL9A1;NFKBIE;RGL2;EIF4G1;AARS;CXCL6;SLC35F2;SRP54;HMGB3;TNFAIP3;SNX10;CXCL1;CXCL3;LITAF;N4BP2L2;CHD1;CXCL2;RAB22A;DUSP11;SPRED2;HEY1;RNPEP;EFHD2;NCK2;RAC2;PHGDH;TOPBP1;IDH3A;HIST1H1C;CD53;SRGN;TGIF1;PCYT1B;WARS;AHSG;MMD;DESI2;APOA2;NBPF10;EMP1;FOXL2;PRPF40A;UPK3B;COQ10B;PJA1;PLSCR1;KIF2A;ARHGEF3;POLR1E;PIK3C3;PRPS2;APCS;COL15A1;CLDND1;TMF1;RALB;MRPS31;AFP;HMGCR;IL2RG;PARL;PSMB10;CRYZ;PURA;MUC1;HLA-DMB;OXCT1;TDG;CSK;SHOC2;WASF1;SF3B1;SH2B3;MPZL1;GCH1;STAT3;LAPTM5;HUWE1;SOD2;RYBP;CLEC2B;MFAP1;SNX17;ZYX;R3HDM1;PTPN2;MSRB1;MEGF9",0.578034682080925,1
"16","imatinib homo sapiens gpl96 gds3045 chdir up","139/4070",4.45865640166013e-10,1.94508885522423e-08,0,0,1.62630162630163,35.015905950268,"IFITM3;IFITM1;ATP8A2;IFITM2;CERK;NAB1;ARID4B;ELK3;CNDP2;KIAA0930;PLAU;NAMPT;ARHGDIB;DENND5A;SMCO4;NBN;JUNB;PHLDA1;ATG3;RNF44;USP3;HLA-B;HLA-C;KAZN;NOSIP;ARID5B;THOC5;HLA-F;CCNB1IP1;CD2AP;ILVBL;TMX1;NINJ1;PSME2;TBPL1;LAP3;TRIB1;LY6E;TSTA3;PSMD11;MAX;INSIG1;NREP;KLC1;EBP;PLXNA1;ZNF267;TGFB1;H3F3B;GADD45B;ASNS;H2BFS;LYZ;TOR1B;SMARCA2;BST2;MOB1A;EHD4;MAFB;BCL6;ALPP;BAMBI;TBCE;COL9A1;NFKBIE;EIF4G1;AARS;CXCL6;SLC35F2;SRP54;HMGB3;TNFAIP3;SNX10;CXCL1;CXCL3;LITAF;N4BP2L2;CHD1;CXCL2;DUSP11;SPRED2;HEY1;RNPEP;EFHD2;RAC2;PHGDH;TOPBP1;IDH3A;HIST1H1C;CD53;SRGN;TGIF1;WARS;MMD;DESI2;NBPF10;FOXL2;PRPF40A;TMPRSS11E;COQ10B;PJA1;PLSCR1;KIF2A;IFNG;OAS1;OAS3;ARHGEF3;POLR1E;HBEGF;PRPS2;APCS;CLDND1;RALB;MRPS31;AFP;HMGCR;IL2RG;PARL;PSMB10;CRYZ;MUC1;OXCT1;TDG;CSK;WASF1;SH2B3;MPZL1;GCH1;STAT3;LAPTM5;SOD2;PSMB8;RYBP;CLEC2B;SNX17;ZYX;R3HDM1;MSRB1;MEGF9",0.719424460431655,1
"17","imatinib homo sapiens gpl96 gds3047 chdir up","57/1137",9.04569117823973e-10,3.71405437788902e-08,0,0,2.38723457720819,49.7107281783708,"IFITM3;IFITM1;IFITM2;SLC35F2;CXCL3;LITAF;CHD1;CXCL2;SPRED2;PLAU;NAMPT;RNPEP;ARHGDIB;EFHD2;RAC2;PHGDH;SMCO4;IDH3A;CD53;SRGN;TGIF1;RNF44;WARS;MMD;DESI2;NBPF10;FOXL2;PRPF40A;KIF2A;TBPL1;LY6E;TSTA3;PSMD11;INSIG1;HMGCR;IL2RG;CRYZ;EBP;MUC1;NT5DC2;PLXNA1;SH2B3;MPZL1;TGFB1;H3F3B;GCH1;STAT3;LAPTM5;ASNS;TOR1B;BST2;EHD4;RYBP;BAMBI;ZYX;MSRB1;EIF4G1",0,0
"18","sevoflurane homo sapiens gpl570 gds2772 chdir up","69/1534",1.27603906821686e-09,4.94819594230761e-08,0,0,2.14192587073943,43.8655816539074,"IFITM3;LGALS3BP;SERPINA3;IFITM2;ZDHHC7;SPATA20;IFI30;CXCL3;CLDN1;LITAF;N4BP2L2;RAB22A;PCMTD2;UPK1B;PLAU;RB1CC1;NAMPT;NCK2;RAC2;PHGDH;SPG11;CD53;SRGN;HLA-B;NBPF10;HLA-C;UPK3B;TGFBR2;PLSCR1;ILVBL;PCCB;LAP3;CFB;SIDT2;NOTCH2;C1S;C1R;STXBP1;MVP;CRYZ;SULT1A1;ANKMY2;PURA;HLA-DMB;ATXN1;GPNMB;IFI16;OXCT1;UBR5;STAT4;STAT6;MAP4;NADK;H3F3B;STAT3;ERAP1;MX1;LAPTM5;SMARCA5;ATP2B4;EIF2AK2;LYZ;SOD2;PDP1;QDPR;MAFB;BCL6;HLA-DPB1;MYD88",0,0
"19","ethanol homo sapiens gpl96 gds2767 chdir down","26/312",2.6959520997776e-09,9.90407666128823e-08,0,0,3.96825396825397,78.2996603619008,"IFITM1;PTEN;IFIT1;LITAF;IFI44L;HERC5;ATXN1;CUX1;IFI16;NAMPT;UBR5;TNFSF10;SHOC2;NBN;SRGN;RSAD2;USP3;MX1;ISG15;IGF2R;PSMB9;TAPBP;PLSCR1;BCL6;IRF7;LAP3",0,0
"20","nicotine mus musculus gpl1261 gse31004 chdir up","79/1917",3.69696713678305e-09,1.29024153073729e-07,0,0,1.96239163375314,38.101311340859,"LGALS3BP;IFITM1;LPGAT1;PSCA;CD82;PTEN;HMGB3;IFI35;ATP12A;IFI30;IFIT1;LITAF;CNDP2;EPS8;SCPEP1;UPK1B;EFHD2;PHGDH;FGB;FGA;TLE1;ABCC2;AHSG;SCAF11;FGG;APOA2;EMP1;APOA1;F2;NIPSNAP1;MED28;PLSCR1;AFTPH;TMX1;IRF1;IRF7;B4GALT5;PRPS2;APCS;ITIH2;RALB;INSIG1;FGL1;STXBP1;ENDOD1;GLRX;ZC3HAV1;AFP;HMGCR;KLC1;CRYZ;VTN;EBP;SNX2;INPP5F;APOH;PACSIN2;CEPT1;WASF1;APOB;SF3B1;MPZL1;H3F3B;M6PR;SMARCA5;APOC3;TDRD7;L1CAM;CP;QDPR;RYBP;MAFB;AADAC;SNX17;GNAQ;ALB;CHMP2B;PDCD4;MAN2B1",1.26582278481013,1
"21","vorinostat homo sapiens gpl10558 gse35242 chdir up","70/1617",4.71039915991052e-09,1.5656469588655e-07,0,0,2.0614306328592,39.5248261908511,"LGALS3BP;IFITM1;SLC35F2;UBE2L6;IFI35;CLDN1;RAB22A;IFIT2;PCMTD2;HERC5;EIF2D;PHGDH;DENND5A;HIST1H1C;ATG3;TLE1;WARS;ABCC2;MMD;DESI2;NBPF10;TAP1;NOSIP;COQ10B;MED28;TAPBP;IFI27;SCO2;ILVBL;OAS2;OAS3;PCCB;ARHGEF3;PSME2;POLR1E;TRIB1;IRF9;SIDT2;B4GALT5;TUBGCP2;HIST1H2BK;IFI6;HMGCR;PSMB10;MUC1;SNX2;TDG;CSK;RPRD1A;SF3B1;BANP;SLC35A1;STAT3;PHF11;MX1;M6PR;HUWE1;EIF2AK2;ASNS;SOD2;PSMB8;NFKB1;BST2;RYBP;NAGK;CDC16;MMS19;TMEM9B;EIF4G1;AARS",2.85714285714286,2
"22","dexamethasone rattus norvegicus gpl1355 gse29912 chdir down","45/824",4.95713800579277e-09,1.57276469456516e-07,0,0,2.6005547850208,49.7289457638035,"LGALS3BP;INSIG1;SNX10;GLRX;UBE2L6;CLDN1;IFIT3;IFI44L;IFIT2;OASL;SULT1A1;SCPEP1;HEY1;GPNMB;NAMPT;STAT4;PHGDH;TOPBP1;TRIM21;HERC6;KLF10;RSAD2;DDX58;STAT3;TMOD2;PHF11;MX1;EIF2AK2;TAP1;ASNS;APOA1;IFI44;ISG15;SDHD;COQ10B;DUSP22;BST2;CXCL10;MAFB;BCL6;IFI27;IRF7;IRF9;LY6E;BIRC3",0,0
"23","imatinib homo sapiens gpl96 gds3044 chdir up","137/4149",6.26889496733701e-09,1.90247334226141e-07,0,0,1.57238118192565,29.6986101786437,"ITSN2;ATP8A2;CD83;FAM89B;WBP1L;ZDHHC7;UBE2L6;ARID4B;SPATA20;IFI30;IFIT3;ELK3;TPGS2;IFIT2;AP1S2;TNFSF10;TRIM24;EIF2D;NBN;TRIM21;HERC6;NKX2-8;TLE1;SCAF11;VRK2;RUFY1;DYNC1LI1;SFRP1;ZNF91;IFI27;ILVBL;LY6D;RBCK1;KCTD12;TRIB2;SIDT2;CNP;TUBGCP2;MAX;STXBP1;NXPH4;ENDOD1;HTRA2;ZC3HAV1;NREP;KLC1;SULT1A1;VTN;SNN;SNX2;ATXN7;UBR5;PACSIN2;MAP4;NADK;DECR1;GADD45B;PHF11;M6PR;SMARCA5;EIF2AK2;L1CAM;CP;SMARCA2;NFKB1;PARP12;IGF2R;MOB1A;GNAQ;TREML2;CDC16;NFE2L3;MAN2B1;TMEM9B;MYD88;LGALS3BP;SERPINA3;DENND1B;SERPINA1;PSCA;FASTKD1;ASH2L;CD3E;N4BP2L2;RAB22A;PCMTD2;SCPEP1;CASP7;RB1CC1;CD36;SPG11;KLF10;VPS13C;MMP2;APOA2;NBPF10;TAPBP;TGFBR2;ARL4C;DUSP22;IRF1;IRF7;KPTN;IRF9;HBEGF;B4GALT5;NAPA;C1S;C1R;MVP;IFI6;GLRX;TANK;GNAI2;ANKMY2;PURA;GPNMB;CUX1;TDG;STAT4;STAT6;SLC35A1;HSPA1L;CD70;ERAP1;C1GALT1;HUWE1;KLK13;ATP2B4;PSMB8;NAGK;MLPH;AXL;APOC1;PDCD4;CLEC2D;PTPN2",1.45985401459854,2
"24","estradiol bos taurus gpl2112 gse45857 chdir down","16/137",3.13192901535192e-08,9.10869355298184e-07,0,0,5.56134862704206,96.0947188343411,"IFITM3;APCS;SERPINA1;ITIH2;C1S;AHSG;INSIG1;FGL1;FGG;ISG15;SDHD;CP;IFI27;APOH;ALB;CFB",0,0
"25","methylprednisolone rattus norvegicus gpl341 gds972 chdir down","21/239",3.73853507671091e-08,1.04379899341769e-06,0,0,4.18410041841004,71.5564305438317,"IFITM3;FGB;APCS;FGA;SERPINA1;C1S;AHSG;INSIG1;FGG;APOA2;APOA1;F2;LIPA;CP;VTN;IFI27;APOH;ALB;APOC1;CFB;DECR1",0,0
"26","imatinib homo sapiens gpl571 gds3518 chdir up","27/379",3.73906735525139e-08,1.0037957746021e-06,0,0,3.39238597813796,58.0160575970213,"MAX;GLRX;NREP;PSMB10;ELK3;HLA-DMA;DENND5A;SF3B1;CD53;KLF10;SRGN;H3F3B;GCH1;STAT3;HLA-B;NBPF10;LAPTM5;HLA-C;PRPF40A;HLA-F;LYZ;CCNB1IP1;BST2;CLEC2B;GNAQ;HLA-DPB1;PDCD4",0,0
"27","doxorubicin homo sapiens gpl570 gse46493 chdir up","172/5815",9.81295769906324e-08,2.53683128664672e-06,0,0,1.40850837325472,22.7290672480848,"ITSN2;CD83;FAM89B;CD82;GTF2B;NAB1;DEFB1;ZDHHC7;UBE2L6;ARID4B;IFI30;CLDN1;ELK3;RCBTB2;EPS8;KIAA0930;PLAU;NAMPT;AP1S2;TRIM24;WWC3;JUNB;PHLDA1;TRIM21;TRIM22;HOXA4;ATG3;PAQR5;SCAF11;CSGALNACT2;HLA-B;TAP1;HLA-C;NOSIP;HLA-F;DYNC1LI1;SCO2;NINJ1;PSME2;TBPL1;RBCK1;KCTD12;LAP3;TRIB1;CARS2;SIDT2;TSTA3;TUBGCP2;MAX;STXBP1;ENDOD1;HTRA2;ZC3HAV1;KLC1;SULT1A1;SNN;SNX2;ATXN7;UBR5;PLXNA1;ZNF267;NADK;DECR1;TGFB1;H3F3B;GADD45B;TNFSF15;PHF11;M6PR;TDRD7;ISG15;TOR1B;SMARCA2;PARP12;IGF2R;SMAD7;MOB1A;EHD4;BCL6;ALPP;BAMBI;CDC16;CHMP2B;ATG2A;MAN2B1;NFKBIE;RGL2;TMEM9B;MYD88;EIF4G1;SERPINA3;SERPINA1;FASTKD1;SRP54;PTEN;PIK3CD;HMGB3;TNFAIP3;ASH2L;LITAF;RAB22A;OASL;DUSP11;CASP7;HEY1;RB1CC1;RNPEP;EFHD2;RAC2;CD36;IDH3A;SRGN;KLF10;MMD;DDX58;VPS13C;MMP2;NBPF10;COQ10B;MED28;PJA1;TAPBP;DUSP22;ARL4D;PLSCR1;AFTPH;MDFIC;IRF1;OAS3;ARHGEF3;POLR1E;HBEGF;B4GALT5;PRPS2;NAPA;CLDND1;TMF1;RALB;C1S;MRPS31;IFI6;GLRX;TANK;PARL;PSMB10;ANKMY2;PURA;TDG;STAT4;SHOC2;CEPT1;WASF1;SH2B3;SLC35A1;ERAP2;GCH1;CD70;STAT3;SPAG4;C1GALT1;LAPTM5;HUWE1;SOD2;PSMB8;PSMB9;PDP1;RYBP;NAGK;AADAC;MFAP1;PDCD4;MEGF9",1.16279069767442,2
"28","rosiglitazone homo sapiens gpl570 gds2453 chdir down","27/403",1.30927225493955e-07,3.26382869267073e-06,0,0,3.19035802906771,50.5627854619675,"C1QB;CD82;F13A1;IFI30;CNDP2;HSD11B1;KIAA0930;SCPEP1;GPNMB;CCL2;SMCO4;CD36;CD53;SRGN;WARS;TGFB1;MMD;LAPTM5;HLA-B;HLA-C;CYBA;MAFB;OAS1;PDCD4;LAP3;RIN2;ZCCHC2",0,0
"29","imatinib homo sapiens gpl96 gds3048 chdir up","112/3363",1.89323546738765e-07,4.55682191805717e-06,0,0,1.5858856179998,24.5492055077639,"ITSN2;LPGAT1;CD83;FAM89B;ZDHHC7;UBE2L6;IFI35;SPATA20;IFI30;IFIT1;TPGS2;CLGN;TGM1;TNFSF10;EIF2D;NBN;TRIM21;SCAF11;TAP1;VRK2;RUFY1;DYNC1LI1;ZNF91;IFI27;RBCK1;TRIB2;SIDT2;C11ORF95;CNP;TUBGCP2;ENDOD1;HTRA2;ZC3HAV1;KLC1;SULT1A1;SNN;SNX2;INPP5F;ATXN7;UBR5;PACSIN2;RPRD1A;NADK;DECR1;BANP;PHF11;M6PR;SMARCA5;EIF2AK2;TDRD7;ISG15;SMARCA2;PARP12;IGF2R;QDPR;GNAQ;CDC16;NFE2L3;MAN2B1;TMEM9B;ZCCHC2;LGALS3BP;DENND1B;PTEN;ASH2L;N4BP2L2;RAB22A;OASL;PCMTD2;GGTLC1;SCPEP1;CASP7;RB1CC1;CD36;SPG11;KLF10;ABCC2;VPS13C;NIPSNAP1;TAPBP;ARL4D;IRF1;PCCB;IRF7;KPTN;IRF9;NAPA;MVP;CRCT1;GLRX;DNAH9;TANK;ANKMY2;GPNMB;IFI16;CUX1;STAT6;SLC35A1;ERAP2;CD70;ERAP1;C1GALT1;HUWE1;KLK13;ATP2B4;NAGK;AXL;APOC1;PDCD4;RAB9A;CLEC2D;PTPN2",0.892857142857143,1
"30","bexarotene homo sapiens gpl96 gds2777 chdir up","69/1755",2.64020784066687e-07,6.14288357595159e-06,0,0,1.87220187220187,28.3586873598366,"IFITM3;LGALS3BP;IFITM2;LPGAT1;FAM89B;PTEN;HMGB3;ELK3;TPGS2;CNDP2;PLAU;RAC2;PHGDH;DENND5A;NBN;TOPBP1;IDH3A;TGIF1;KLF10;TLE1;WARS;EMP1;HLA-C;SDHD;CD2AP;TAPBP;ZNF91;SCO2;PSME2;PIK3C3;TRIB1;TRIB2;CARS2;B4GALT5;C1QB;RALB;MAX;STXBP1;STK39;GLRX;HMGCR;TANK;GNAI2;INPP5F;NT5DC2;PLXNA1;STAT6;CEPT1;MAP4;RPRD1A;NADK;ZBTB18;SLC35A1;GADD45B;SMARCA5;ASNS;KLHL23;NMI;H2BFS;L1CAM;PDP1;MOB1A;MLPH;SNX17;AXL;TBCE;R3HDM1;EIF4G1;AARS",1.44927536231884,1
"31","methylprednisolone rattus norvegicus gpl85 gds253 chdir down","8/33",3.10059374685925e-07,6.98133688808953e-06,0,0,11.5440115440115,173.004352398985,"CXCL10;INSIG1;IRF1;ALB;CCL2;ALPL;CXCL1;CD14",0,0
"32","cyclophosphamide homo sapiens gpl8300 gse7114 chdir up","36/680",3.94647609886084e-07,8.60825099064022e-06,0,0,2.52100840336134,37.1729561271378,"IFITM3;IFITM1;TMF1;IFITM2;RALB;STXBP1;HTRA2;UBE2L6;ATP12A;IFIT3;EPS8;SULT1A1;DUSP11;ARHGDIB;TNFSF10;PHGDH;MAP4;WASF1;CD53;WARS;TGFB1;RSAD2;LAPTM5;APOA2;EIF2AK2;IFI44;KAZN;NMI;NIPSNAP1;PSMB9;BST2;RYBP;PCCB;TBCE;PSME2;AARS",0,0
"33","diethylstilbestrol mus musculus gpl81 gse1839 chdir up","44/930",4.47433439425475e-07,9.46389517330247e-06,0,0,2.25294418842806,32.9374538738536,"IFITM3;C1QB;LGALS3BP;TSTA3;CD82;CRCT1;IFIT1;LITAF;IFIT3;PSMB10;GNAI2;CNDP2;MUC1;SNX2;CUX1;OXCT1;RNPEP;CD14;JUNB;HIST1H1C;TGIF1;USP3;STAT3;KRT13;TAP1;CYBA;ISG15;SDHD;CP;NFKB1;PSMB9;TAPBP;MOB1A;PLSCR1;IRF1;LY6D;IRF7;PSME2;ALPL;MAN2B1;RIN2;IRF9;LY6E;SIDT2",0,0
"34","doxorubicin homo sapiens gpl570 gse11940 chdir up","19/236",6.47023021889872e-07,1.32830020376215e-05,0,0,3.83373688458434,54.6341394775281,"SERPINA3;ITIH2;H3F3B;AHSG;DESI2;FGL1;HIST1H2BK;HUWE1;APOA2;HLA-C;APOA1;APOC3;CLDN1;CRYZ;APOH;ALB;APOC1;PACSIN2;TRIM22",0,0
"35","sorafenib homo sapiens gpl6244 gse35907 chdir down","8/37",8.01053004233032e-07,1.59752856272759e-05,0,0,10.2960102960103,144.528583984471,"LGALS3BP;RSAD2;OAS3;MX1;IFIT1;IFIT3;IFIT2;OASL",0,0
"36","gemcitabine homo sapiens gpl96 gse6914 chdir up","71/1897",1.08188388041702e-06,2.09765263480856e-05,0,0,1.78226272058639,24.482598486109,"IFITM1;SRP54;ASH2L;ZDHHC7;IFIT1;LIPA;CHD1;RAB22A;TPGS2;EPS8;PCMTD2;DUSP11;NAMPT;NBN;PHLDA1;TRIM21;TRIM22;IDH3A;ABCC2;USP3;HLA-B;NBPF10;HLA-C;ARID5B;PRPF40A;COQ10B;NIPSNAP1;CCNB1IP1;MED28;AFTPH;ILVBL;IRF1;LAP3;TRIB2;NOTCH2;PRPS2;CLDND1;PSMD11;CNP;IFI6;HMGCR;KLC1;TANK;PARL;CRYZ;SULT1A1;ANKMY2;SNX2;CUX1;TDG;UBR5;SHOC2;SF3B1;MPZL1;DECR1;BANP;H3F3B;PHF11;M6PR;HUWE1;ATP2B4;ISG15;QDPR;MOB1A;RYBP;MFAP1;BAMBI;GNAQ;CHMP2B;ATG2A;MYD88",1.40845070422535,1
"37","hydrocortisone homo sapiens gpl201 gse21909 chdir up","53/1270",1.36860615632123e-06,2.5818570192222e-05,0,0,1.98725159355081,26.8313100948384,"IFITM3;IFITM1;IFITM2;PTEN;F13A1;TNFAIP3;CXCL2;OASL;PLAU;DPF1;NCK2;TRIM24;RAC2;JUNB;HIST1H1C;PCYT1B;TLE1;APOA2;APOA1;CYBA;NIPSNAP1;ARL4D;ZNF91;KIF2A;IRF7;RHCG;CFB;B4GALT5;C1QB;NAPA;ITIH2;C1R;HIST1H2BK;PURA;SNN;HRH3;ATXN7;TBX21;PACSIN2;STAP1;HSPA1L;M6PR;KLK13;ASNS;H2BFS;RYBP;MAFB;CLEC2B;BAMBI;GNAQ;HLA-DPB1;RAB9A;ALPL",1.88679245283019,1
"38","methotrexate homo sapiens gpl570 gse11440 chdir up","70/1899",2.2503698894193e-06,4.13357416530177e-05,0,0,1.75530981218185,22.8267789362154,"IFITM3;LGALS3BP;IFITM1;SERPINA1;IFITM2;LY75;HMGB3;UBE2L6;IFI30;IFIT1;CLDN1;IFIT3;RAB22A;TPGS2;RB1CC1;TRIM24;NBN;SPG11;IDH3A;HERC6;ATG3;SCAF11;DESI2;USP3;HLA-B;TAP1;HLA-C;NOSIP;PRPF40A;HLA-F;TAPBP;PLSCR1;IFI27;KIF2A;OAS1;OAS3;PSME2;TBPL1;LAP3;TRIB1;RIN2;IRF9;LY6E;B4GALT5;NAPA;TSTA3;STK39;IFI6;ZC3HAV1;DDX60;PSMB10;IFI16;TDG;GBP1;H3F3B;GCH1;MX1;EIF2AK2;IFI44;ISG15;NMI;LYZ;PSMB8;PARP12;PSMB9;BST2;MFAP1;ZYX;TMEM9B;MYD88",0,0
"39","decitabine homo sapiens gpl570 gse30985 chdir up","93/2805",3.61004130103722e-06,6.46104827724098e-05,0,0,1.57881334351923,19.7853593936127,"ITSN2;IFITM3;SERPINA1;IFITM2;GTF2B;SRP54;PTEN;ARID4B;IFI35;IFI30;RAB22A;ELK3;DUSP11;CASP7;RB1CC1;NAMPT;AP1S2;RAC2;HIST1H1C;SRGN;ATG3;DESI2;USP3;CSGALNACT2;APOA2;HLA-B;EMP1;TAP1;HLA-C;NOSIP;CYBA;HLA-F;COQ10B;PJA1;DYNC1LI1;IFI27;PCCB;ARHGEF3;IRF7;TBPL1;PIK3C3;KCTD12;TRIB1;KPTN;IRF9;HBEGF;NOTCH2;MAX;STXBP1;MVP;HIST1H2BK;HTRA2;GLRX;HMGCR;KLC1;PARL;PSMB10;ATXN1;GPNMB;INPP5F;CUX1;SHOC2;RPRD1A;SF3B1;NADK;MPZL1;BANP;GADD45B;GCH1;STAT3;HUWE1;ISG15;H2BFS;TOR1B;PARP12;IGF2R;MOB1A;EHD4;RYBP;NAGK;MLPH;MFAP1;BAMBI;APOC1;CDC16;CHMP2B;TBCE;RAB9A;RGL2;TMEM9B;MYD88;ZCCHC2;MSRB1",1.0752688172043,1
"40","vitamin c mus musculus gpl6246 gse19377 chdir up","14/160",7.44090445542156e-06,0.000129843782747106,0,0,4.16666666666667,49.2021589579957,"DDX58;AHSG;LY75;IFI44;IFIT1;DDX60;IFIT3;PARP12;OAS2;OAS3;IRF7;XAF1;CFB;HERC6",0,0
"41","alitretinoin rattus norvegicus gpl85 gse3952 chdir down","14/169",1.3935073653264e-05,0.00023723613195069,0,0,3.94477317554241,44.1069097102846,"FGB;FGA;APCS;FGG;APOA1;APOC3;F2;LIPA;SULT1A1;VTN;ALB;CD36;APOB;CFB",0,0
"42","cyclosporine homo sapiens gpl570 gse15935 chdir up","29/581",1.67137555490006e-05,0.000277766699361963,0,0,2.37685435620031,26.1436829988073,"SERPINA1;ITIH2;LPGAT1;HIST1H2BK;AFP;KLC1;CLDN1;VTN;APOH;APOB;FGB;SLC35A1;FGA;AHSG;CCL20;APOA2;NBPF10;HUWE1;APOC3;CYBA;H2BFS;F2;IGF2R;ZNF91;AADAC;BAMBI;ALB;TRIB1;MEGF9",0,0
"43","isotretinoin homo sapiens gpl571 gse10433 chdir up","8/55",1.81582070113563e-05,0.000294754151021551,0,0,6.92640692640693,75.61134491789,"SERPINA3;SERPINB4;SERPINA1;KLK13;CCL2;DEFB1;ATP12A;RHCG",0,0
"44","sirolimus rattus norvegicus gpl6247 gse35048 chdir up","27/525",1.94382006502833e-05,0.000308360546679494,0,0,2.44897959183673,26.567192626182,"PRPS2;APCS;INSIG1;GLRX;NREP;IFI30;IFIT1;CLDN1;IFIT3;IFI44L;GPNMB;INPP5F;AP1S2;STAP1;CD36;CD53;PHF11;MX1;LAPTM5;IFI44;CYBA;ISG15;F2;NIPSNAP1;IGF2R;CXCL10;IFI27",0,0
"45","isotretinoin homo sapiens gpl571 gds3218 chdir up","8/56",2.08002996891264e-05,0.00032263575962245,0,0,6.80272108843537,73.3370283212906,"SERPINA3;SERPINB4;SERPINA1;KLK13;CCL2;DEFB1;ATP12A;RHCG",0,0
"46","alitretinoin rattus norvegicus gpl85 liver   b gds2385 chdir down","16/226",2.48506163714707e-05,0.000377081091897534,0,0,3.37126000842815,35.744215767546,"FGB;APCS;FGA;SERPINA1;C1S;FGG;APOA2;APOC3;F2;CP;SULT1A1;QDPR;NINJ1;ALB;CD36;CFB",0,0
"47","letrozole homo sapiens gpl96 gds3116 chdir up","10/94",2.81498556671605e-05,0.000418055303312298,0,0,5.06585612968592,53.0798800945716,"MLPH;C1S;GPNMB;MMP2;ARHGDIB;TNFSF10;HUWE1;CD36;LIPA;TGFBR2",0,0
"48","letrozole homo sapiens gds3116 chdir up","10/94",2.81498556671605e-05,0.000409345817826625,0,0,5.06585612968592,53.0798800945716,"MLPH;C1S;GPNMB;MMP2;ARHGDIB;TNFSF10;HUWE1;CD36;LIPA;TGFBR2",0,0
"49","doxorubicin homo sapiens gpl96 gse12972 chdir up","9/76",2.99488837735312e-05,0.000426618793345404,0,0,5.6390977443609,58.736946449788,"HSD11B1;CXCL10;WARS;GPNMB;H3F3B;MMP1;TNFAIP3;SOD2;GBP1",0,0
"50","ursodeoxycholic acid mus musculus gpl8321 gds4372 chdir down","10/95",3.08815701004118e-05,0.000431106718601748,0,0,5.0125313283208,52.0568971873668,"SULT1A1;CXCL10;RSAD2;H3F3B;IRF1;ISG15;IFIT1;IFIT2;HIST1H1C;HBEGF",0,0
"51","captopril mus musculus gpl1261 gds3683 chdir down","42/1034",3.48201489951848e-05,0.000476558117620373,0,0,1.93423597678917,19.8555403184173,"NOTCH2;IFITM1;PSMD11;RALB;CNP;CRCT1;ZC3HAV1;IFI35;KLC1;IFI30;CNDP2;HSD11B1;SULT1A1;SNX2;OXCT1;ARHGDIB;EFHD2;CD36;SF3B1;CD53;SRGN;KRT4;GADD45B;SCAF11;STAT3;LAPTM5;KRT13;TAP1;ASNS;L1CAM;CP;PSMB8;PSMB9;TAPBP;QDPR;BCL6;SNX17;LY6D;PDCD4;ARHGEF3;LY6E;BIRC3",0,0
"52","valproic acid homo sapiens gpl6883 gse26940 chdir up","106/3508",3.93578351274462e-05,0.000528303248441489,0,0,1.43888798392789,14.5943753305158,"IFITM3;IFITM1;IFITM2;FAM89B;CD82;NAB1;WBP1L;UBE2L6;LIPA;ELK3;TPGS2;PLAU;AP1S2;TNFSF10;WWC3;JUNB;PHLDA1;TRIM22;ARID5B;LAP3;TRIB1;TRIB2;RIN2;LY6E;SIDT2;STXBP1;HTRA2;ZC3HAV1;NREP;KLC1;ATXN1;SNX2;PLXNA1;DECR1;H3F3B;M6PR;IFI44;SMARCA2;MAFB;BCL6;LPAR6;CHMP2B;MMS19;MAN2B1;TMEM9B;AARS;PTEN;LITAF;RAB22A;PCMTD2;SCPEP1;SPRED2;CASP7;HEY1;RB1CC1;SPG11;TGIF1;KLF10;MMD;MMP1;DESI2;MMP2;NBPF10;EMP1;FOXL2;NIPSNAP1;MED28;PJA1;TGFBR2;AFTPH;MDFIC;KIF2A;ARHGEF3;IRF9;B4GALT5;TMF1;C1S;C1R;MVP;HIST1H2BK;IFI6;GLRX;HMGCR;PARL;ANKMY2;PURA;HLA-DMA;GPNMB;IFI16;OXCT1;NT5DC2;STAT4;SHOC2;SF3B1;SH2B3;MPZL1;SLC35A1;STAT3;MX1;ATP2B4;RYBP;NAGK;MLPH;MFAP1;SNX17;RAB9A",0,0
"53","imatinib homo sapiens gpl571 gds4175 chdir up","14/186",4.06860488834928e-05,0.000535827587182603,0,0,3.584229390681,36.2352161417682,"GADD45B;H3F3B;INSIG1;HLA-B;NBPF10;HUWE1;LAPTM5;HLA-C;TNFAIP3;PIK3CD;HLA-F;ZNF91;BCL6;SF3B1",0,0
"54","rituximab homo sapiens gpl570 gds3829 chdir up","23/429",4.26072083183678e-05,0.000550737618633717,0,0,2.55300255300255,25.6921082830495,"DENND1B;IFITM1;SERPINA1;VPS13C;ERAP1;PHF11;IFI6;EIF2AK2;IFI44;HMGCR;LYZ;IFIT1;IFIT2;HERC5;PLSCR1;EBP;IFI27;CUX1;NAMPT;IRF7;CD14;GBP1;ZCCHC2",0,0
"55","rosiglitazone mus musculus gpl81 gds1808 chdir down","10/100",4.820395140641e-05,0.000611751965121348,0,0,4.76190476190476,47.3336645756274,"QDPR;VTN;APCS;ITIH2;AHSG;ALB;FGG;APOC1;APOA1;F2",0,0
"56","estradiol homo sapiens gpl96 gse4668 chdir up","40/980",4.8480418347132e-05,0.000604273785826753,0,0,1.94363459669582,19.3087474965363,"PSCA;HIST1H2BK;PTEN;ZDHHC7;SPATA20;IFI30;TANK;EPS8;PCMTD2;CUX1;RB1CC1;UBR5;TNFSF10;TRIM24;JUNB;SF3B1;HIST1H1C;SLC35A1;H3F3B;USP3;STAT3;NBPF10;HUWE1;NOSIP;CYBA;H2BFS;NIPSNAP1;CCNB1IP1;ZNF91;MAFB;NAGK;MLPH;ILVBL;BAMBI;GNAQ;NINJ1;CHMP2B;RGL2;TMEM9B;MYD88",0,0
"57","valproic acid mus musculus gpl6885 gse35291 chdir up","25/498",5.83465044162029e-05,0.000714488773377362,0,0,2.39051443870721,23.3053908687214,"CD83;FAM89B;F13A1;IL2RG;LITAF;CXCL2;EPS8;CASP7;GPNMB;PLAU;CD14;JUNB;PHLDA1;EMP1;TDRD7;TGFBR2;ARL4C;PLSCR1;NAGK;BCL6;MDFIC;AXL;KCTD12;RIN2;SIDT2",0,0
"58","bleomycin mus musculus gpl339 gds1492 chdir up","13/177",9.77722527207433e-05,0.00117663848963929,0,0,3.49744417541028,32.2914464794105,"LGALS3BP;C1QB;MMP2;LAPTM5;EMP1;CYBA;IFI30;IFIT1;LITAF;GPNMB;IRF7;MAN2B1;MSRB1",0,0
"59","deferasirox homo sapiens gpl570 gds3558 chdir down","52/1450",0.000107596432745501,0.00127292050942982,0,0,1.70771756978654,15.6036255931977,"GTF2B;ASH2L;IFIT3;HEY1;RB1CC1;NAMPT;TRIM24;RAC2;PHGDH;DENND5A;SMCO4;PHLDA1;SPG11;CD53;SRGN;KLF10;WARS;MMD;VRK2;CCNB1IP1;PLSCR1;AFTPH;KIF2A;TBPL1;PIK3C3;RBCK1;TRIB1;LY6E;CLDND1;INSIG1;HMGCR;TANK;ANKMY2;EBP;SNX2;UBR5;PACSIN2;SF3B1;SH2B3;SEC16A;STAT3;LAPTM5;HUWE1;ISG15;IGF2R;RYBP;CLEC2B;AXL;ZYX;PDCD4;RGL2;AARS",0,0
"60","rosiglitazone mus musculus gpl1261 gse11343 chdir up","13/185",0.000152407071067884,0.00177300226008972,0,0,3.34620334620335,29.4096323629764,"IFITM3;C1QB;COL15A1;C1S;MMP2;F13A1;CLDN1;CP;TGFBR2;PURA;AXL;CCL2;LY6E",0,0
"61","celecoxib homo sapiens gpl8300 gse11237 chdir up","18/321",0.000165175496335893,0.00189004092528611,0,0,2.67022696929239,23.253676996378,"RSAD2;IFI6;TAP1;HMGCR;IFIT1;ATP12A;TOR1B;IFIT3;OASL;OAS1;SCO2;ILVBL;OAS2;PCCB;APOC1;NKX2-1;RBCK1;HBEGF",0,0
"62","tamoxifen homo sapiens gpl3921 gse33366 chdir down","24/507",0.000198858302784184,0.00223875960231227,0,0,2.25415610030995,19.2119876769249,"NOTCH2;LGALS3BP;SERPINA1;PSCA;CERK;MVP;KLK13;KRT13;EMP1;UPK3B;TMPRSS11E;CLGN;TGFBR2;MUC1;HEY1;GPNMB;BCL6;ALB;TNFSF10;WWC3;RIN2;CFB;IRF9;B4GALT5",0,0
"63","dexamethasone homo sapiens gpl3921 gse28896 chdir up","17/299",0.000211811398283713,0.00234673580955606,0,0,2.70743749004619,22.9044184216846,"IFITM3;SRGN;IFITM1;IFITM2;WARS;H3F3B;HLA-B;HUWE1;HLA-C;NMI;HLA-DMA;HLA-DMB;CLEC2B;ARHGDIB;RAC2;HLA-DPB1;CCL2",0,0
"64","troglitazone rattus norvegicus gpl341 liver gds3850 chdir down","10/123",0.000272626239602587,0.00297332992566572,0,0,3.87146728610143,31.7747146207442,"SERPINA1;C1S;AHSG;APOC1;APOA2;APOA1;APOC3;F2;CP;CFB",0,0
"65","doxorubicin homo sapiens gpl96 gds3514 chdir up","8/80",0.000273904896558314,0.00294131719688774,0,0,4.76190476190476,39.0606171651416,"HSD11B1;WARS;GPNMB;H3F3B;MMP1;TNFAIP3;SOD2;GBP1",0,0
"66","carboplatin homo sapiens gpl570 gse13525 chdir up","13/198",0.000296980894190355,0.00314079794158891,0,0,3.12650312650313,25.3929667525807,"KLF10;GADD45B;ASNS;TNFAIP3;CXCL3;SOD2;CXCL2;PDP1;IRF1;NFKBIE;PHLDA1;HBEGF;BIRC3",0,0
"67","methylprednisolone rattus norvegicus gpl85 gds965 chdir up","13/198",0.000296980894190355,0.00309392036037116,0,0,3.12650312650313,25.3929667525807,"IFITM3;FGB;FGA;CCL20;FGG;CXCL1;SOD2;LITAF;NFKB1;GNAI2;SULT1A1;CXCL10;IRF1",0,0
"68","trastuzumab homo sapiens gpl6947 gse31432 chdir down","18/338",0.00030998456794023,0.00318190041797471,0,0,2.53592561284869,20.4877127030317,"IFITM3;IFITM1;IFITM2;CD70;INSIG1;HLA-B;IFI6;PTEN;EMP1;NREP;HLA-F;SOD2;SMARCA2;CNDP2;HERC5;BAMBI;PHLDA1;HERC6",0,0
"69","ursodeoxycholic acid mus musculus gpl8321 gse21266 chdir up","6/45",0.000337029010393009,0.00340936593122204,0,0,6.34920634920635,50.7640733146965,"SULT1A1;H3F3B;RSAD2;ISG15;IFIT1;HIST1H1C",0,0
"70","valproic acid mus musculus gpl1261 gds3002 chdir up","48/1372",0.0003538718010011,0.00352860738712525,0,0,1.66597251145356,13.2387769337529,"TSTA3;IFITM2;CNP;C1S;STXBP1;PTEN;HMGB3;SNX10;GLRX;LIPA;CLDN1;IFIT2;GNAI2;CNDP2;CRYZ;SCPEP1;SNX2;NT5DC2;AP1S2;EFHD2;NCK2;PHGDH;DENND5A;WASF1;MPZL1;IDH3A;H3F3B;SCAF11;MMD;DESI2;USP3;C1GALT1;M6PR;ASNS;NIPSNAP1;IGF2R;MED28;RYBP;AXL;NINJ1;CHMP2B;PDCD4;MAN2B1;R3HDM1;TRIB2;TMEM9B;MSRB1;LY6E",0,0
"71","baclofen mus musculus gpl1261 gse17266 chdir down","20/402",0.000355351902466444,0.00349345954819124,0,0,2.36910684671879,18.8163989218756,"FGB;ATG3;APCS;ITIH2;FGL1;FGG;APOA2;ARID5B;CP;BST2;AADAC;APOH;IRF1;APOC1;LAP3;APOB;PHLDA1;CLEC2D;CFB;HIST1H1C",0,0
"72","rosiglitazone mus musculus gpl1261 control gds4036 chdir down","18/342",0.000356926887034896,0.0034602078770883,0,0,2.5062656641604,19.8946857027073,"IFITM3;C1QB;COL15A1;C1S;MMP2;F13A1;NREP;IFI30;CLDN1;CP;TGFBR2;PURA;MDFIC;AXL;NINJ1;CCL2;MPZL1;LY6E",0,0
"73","everolimus mus musculus gpl6885 gse37129 chdir up","14/230",0.000381689522465476,0.0036495792696014,0,0,2.89855072463768,22.8142117340522,"IFITM3;FGA;RSAD2;GCH1;FGL1;APOA2;APOC3;SOD2;CP;LITAF;SULT1A1;APOC1;LY6D;HIST1H1C",0,0
"74","celecoxib homo sapiens gpl8300 gds3384 chdir down","17/318",0.000432561320326262,0.00408010542686123,0,0,2.54567235699311,19.7182344757711,"RSAD2;IFI6;ISG15;HMGCR;IFIT1;ATP12A;TOR1B;IFIT3;IFI44L;OASL;OAS1;OAS2;PCCB;APOC1;NKX2-1;RBCK1;HBEGF",0,0
"75","estradiol homo sapiens gpl571 gds4052 chdir up","41/1132",0.00049048566987957,0.00456478663434586,0,0,1.72471815581356,13.1425498184179,"SERPINA1;TMF1;CD83;MAX;MVP;ENDOD1;HTRA2;DUSP11;HERC5;CASP7;INPP5F;RB1CC1;EFHD2;PLXNA1;CCL2;CSK;SMCO4;PHLDA1;SH2B3;ZNF267;IDH3A;KLF10;GADD45B;SCAF11;NBPF10;KRT13;KAZN;THOC5;CP;SMARCA2;SMAD7;CXCL10;ZNF91;MAFB;BCL6;PDCD4;ARHGEF3;POLR1E;KCTD12;BIRC3;SIDT2",0,0
"76","valproic acid homo sapiens gpl570 gse14973 chdir up","29/715",0.000594558343924851,0.0054605490007835,0,0,1.93140193140193,14.345858109071,"C11ORF95;FAM89B;STXBP1;GLRX;KIAA0930;HERC5;SCPEP1;ANKMY2;SPRED2;NT5DC2;NAMPT;TRIM24;PLXNA1;RPRD1A;WASF1;MPZL1;IDH3A;H3F3B;GCH1;TMOD2;SDHD;PJA1;EHD4;NAGK;ATG2A;NFE2L3;LY6E;MEGF9;B4GALT5",0,0
"77","cetuximab homo sapiens gpl570 gse21483 chdir up","109/3901",0.000677601251466251,0.0061424113444603,0,0,1.33055016418257,9.70896010645953,"IFITM3;IFITM1;IFITM2;LPGAT1;CD83;CERK;ZDHHC7;ARID4B;ELK3;RCBTB2;CLGN;CNDP2;HERC5;PLAU;AP1S2;WWC3;PHLDA1;PDIA2;SCAF11;USP3;CSGALNACT2;TAP1;KAZN;NOSIP;HLA-F;CD2AP;DYNC1LI1;SCO2;NINJ1;TBPL1;RBCK1;KCTD12;CFB;NOTCH2;C11ORF95;STXBP1;STK39;NREP;ATXN7;MAP4;RPRD1A;H3F3B;GADD45B;TNFSF15;ASNS;IFI44;KLHL23;TDRD7;H2BFS;TOR1B;IGF2R;BST2;CHMP2B;TBCE;ATG2A;NFKBIE;EIF4G1;SERPINA3;CXCL6;PIK3CD;TNFAIP3;SNX10;ASH2L;CXCL1;CXCL3;CXCL2;OASL;SCPEP1;SPRED2;UPK1B;EFHD2;PHGDH;HIST1H1C;SRGN;DDX58;DESI2;NBPF10;UPK3B;COQ10B;TGFBR2;ARL4C;DUSP22;MDFIC;KIF2A;POLR1E;HBEGF;BIRC3;PRPS2;NAPA;CLDND1;TMF1;MVP;GLRX;PURA;CUX1;STAT4;STAT6;WASF1;SH2B3;GCH1;STAT3;C1GALT1;MX1;HUWE1;SOD2;PSMB9;AADAC;AXL;ZYX",0,0
"78","disulfiram homo sapiens gpl14550 gse42318 chdir down","4/20",0.000711281643736916,0.00636505881190215,0,0,9.52380952380952,69.0327817447417,"GADD45B;H3F3B;APOA2;ASNS",0,0
"79","dexamethasone homo sapiens gpl8300 gse8546 chdir down","14/252",0.000939018178446537,0.00829664162728713,0,0,2.64550264550265,18.4409410570778,"CD53;TLE1;FAM89B;HLA-C;SMARCA2;GNAI2;TGFBR2;CTDNEP1;AP1S2;RAC2;CSK;NBN;JUNB;DECR1",7.14285714285714,1
"80","fluorouracil homo sapiens gpl550 gds845 chdir down","9/120",0.000978837868363796,0.00854036040147412,0,0,3.57142857142857,24.746944780653,"SFRP1;MAFB;FASTKD1;KRT13;NREP;HMGCR;SOD2;TRIM22;CDRT1",0,0
"81","methylprednisolone rattus norvegicus gpl85 gds253 chdir up","7/75",0.00099570246024083,0.00858025083022345,0,0,4.44444444444444,30.7202759098122,"FGA;SERPINA1;APOH;FGG;APOA1;LIPA;DECR1",0,0
"82","glipizide mus musculus gpl81 gds1808 chdir up","9/122",0.00110069784693401,0.00936935484341387,0,0,3.51288056206089,23.9290780820543,"VTN;APCS;AHSG;APOH;APOC1;APOA1;APOB;F2;CP",0,0
"83","pioglitazone rattus norvegicus gpl341 gse21329 chdir up","33/895",0.00129747569907726,0.0109113016621196,0,0,1.75578611332801,11.6712979079775,"IFITM3;COL15A1;INSIG1;PTEN;WBP1L;IFI30;CNDP2;NAMPT;STAT4;NCK2;PHGDH;CD36;IDH3A;DECR1;ATG3;H3F3B;MMD;ERAP1;M6PR;EMP1;ASNS;SDHD;COQ10B;QDPR;IFI27;ILVBL;ALB;CDC16;IRF7;PSME2;CFB;LY6E;SIDT2",0,0
"84","hydrocortisone homo sapiens gpl570 normal scar gds3071 chdir up","41/1191",0.00130844464924226,0.0108725519663226,0,0,1.63927871736436,10.8830339310816,"CXCL6;COL15A1;IFITM1;C1S;INSIG1;STXBP1;ARID4B;NREP;KLC1;N4BP2L2;GNAI2;ATXN1;GPNMB;RB1CC1;DENND5A;PHLDA1;ZBTB18;KLF10;TGFB1;H3F3B;MMP1;MMP2;HLA-B;NBPF10;HUWE1;ATP2B4;HLA-C;ARID5B;SOD2;SMARCA2;SMAD7;SFRP1;CLEC2B;MDFIC;AXL;BAMBI;GNAQ;CHMP2B;ZYX;CFB;LY6E",0,0
"85","vitamin c homo sapiens gpl6884 gse16590 chdir up","35/971",0.00137284790376321,0.0112735039626673,0,0,1.7164435290079,11.3128526174167,"INSIG1;HIST1H2BK;ASH2L;NREP;HMGCR;LITAF;TPGS2;GNAI2;NT5DC2;TRIM24;NBN;JUNB;SF3B1;PHLDA1;SPG11;TGIF1;WARS;H3F3B;MMP1;EMP1;ASNS;SOD2;TGFBR2;BST2;QDPR;SFRP1;CDC16;ZYX;COL9A1;LAP3;TRIB1;CLEC2D;RIN2;EIF4G1;AARS",0,0
"86","paclitaxel homo sapiens gpl570 gse11550 chdir down","25/617",0.00141659405021824,0.0114974726401434,0,0,1.92945897970209,12.6562858777054,"TSTA3;IFITM1;INSIG1;ZC3HAV1;ELK3;GPNMB;IFI16;TRIM24;PLXNA1;WASF1;SF3B1;PHLDA1;H3F3B;CD70;MMP2;CSGALNACT2;C1GALT1;HLA-B;NBPF10;ATP2B4;HLA-C;COQ10B;TAPBP;SFRP1;MAN2B1",0,0
"87","tretinoin homo sapiens gpl96 gse5007 chdir up","9/128",0.00154164179474751,0.0123685743992387,0,0,3.34821428571429,21.6793772208239,"SRGN;CD53;H3F3B;RAC2;LAPTM5;CCL2;CYBA;GLRX;TRIB1",0,0
"88","rosiglitazone rattus norvegicus gpl341 liver gds3850 chdir down","8/106",0.0017782820485909,0.0141050098854142,0,0,3.59389038634322,22.756900348492,"SULT1A1;HSD11B1;FGB;FGA;INSIG1;FGG;APOB;CP",0,0
"89","vorinostat homo sapiens gpl571 gse18544 chdir down","18/395",0.00185301560969543,0.0145326392760383,0,0,2.16998191681736,13.6512280094794,"GCH1;MMD;USP3;STAT3;APOA2;ARID5B;GLRX;IFIT1;CLGN;ARL4C;KIAA0930;SCPEP1;AFTPH;TBPL1;NFKBIE;NADK;ZCCHC2;MEGF9",0,0
"90","cisplatin homo sapiens gpl6883 gse47980 chdir down","15/301",0.00185324707752356,0.014372960667905,0,0,2.37304224015187,14.9283720962871,"IFITM3;IFITM2;RALB;NBPF10;M6PR;ATP2B4;IGF2R;GNAI2;PCCB;PACSIN2;DENND5A;TRIB2;PHLDA1;SH2B3;AARS",0,0
"91","bleomycin mus musculus gpl6885 gse37635 chdir up","9/132",0.00190727778751178,0.0146294494031123,0,0,3.24675324675325,20.331423037947,"C1QB;SFRP1;RSAD2;GPNMB;PHF11;IRF7;ISG15;PDYN;IFIT3",0,0
"92","sirolimus homo sapiens gpl96 gds2494 chdir down","29/775",0.00202865029892422,0.0153912816157511,0,0,1.78187403993856,11.0483043286393,"NOTCH2;IFITM3;IFITM2;INSIG1;NREP;IL2RG;CD3E;GNAI2;NT5DC2;RAC2;STAT6;PHGDH;NBN;MAP4;SF3B1;NADK;HLA-B;NBPF10;HUWE1;HLA-C;NIPSNAP1;IGF2R;TMX1;GNAQ;OAS3;MYD88;LY6E;EIF4G1;B4GALT5",0,0
"93","dactinomycin mus musculus gpl1261 wild type gds2456 chdir up","32/884",0.00204414177180034,0.0153420532980284,0,0,1.72376642964878,10.6749015282316,"PRPS2;TSTA3;LPGAT1;PSMD11;RALB;PSCA;STXBP1;MVP;PTEN;AFP;IFI35;LIPA;CHD1;ELK3;TPGS2;CNDP2;CUX1;NT5DC2;AP1S2;EFHD2;EIF2D;PHGDH;RPRD1A;DECR1;TGFB1;GCH1;MMD;ASNS;CP;KIF2A;PSME2;LY6E",0,0
"94","menadione mus musculus gpl1261 gds4171 chdir down","15/308",0.00231200205775431,0.0171678450671543,0,0,2.3191094619666,14.0761628899357,"IFITM3;IFITM1;MMD;STXBP1;NAB1;USP3;MMP2;STAT3;UPK3B;AXL;UBR5;MAP4;MPZL1;AARS;HIST1H1C",0,0
"95","cisplatin homo sapiens gpl96 gse15308 chdir up","5/45",0.00244180289079923,0.0179408254502933,0,0,5.29100529100529,31.8254953589936,"BCL6;AXL;HIST1H2BK;TNFSF10;OASL",0,0
"96","estradiol homo sapiens gpl570 gse16683 chdir up","40/1195",0.00247541870062682,0.0179983568024742,0,0,1.59394301653716,9.5658031086655,"IFITM3;IFITM1;IFITM2;FAM89B;TUBGCP2;MVP;PTEN;SPATA20;KLC1;GNAI2;SNN;NT5DC2;RAC2;WWC3;STAT6;MAP4;SH2B3;WARS;TGFB1;H3F3B;GADD45B;MMP2;STAT3;LAPTM5;HLA-B;HUWE1;HLA-C;NOSIP;HLA-F;SMARCA2;PSMB8;TAPBP;TGFBR2;EHD4;SNX17;ZYX;MAN2B1;RGL2;EIF4G1;AARS",2.5,1
"97","valproic acid homo sapiens gpl570 gse14973 chdir down","20/473",0.00255081797474903,0.0183553705811838,0,0,2.01349038558341,12.0232380888705,"TGIF1;DENND1B;DESI2;PHF11;VRK2;NMI;HLA-F;DDX60;N4BP2L2;PSMB8;PARP12;RCBTB2;UBR5;NBN;TRIB1;CLEC2D;GBP1;IRF9;HERC6;BANP",0,0
"98","dexamethasone rattus norvegicus gpl1355 gds3746 chdir up","9/138",0.00258237679343685,0.0183928469573359,0,0,3.1055900621118,18.5063511377685,"KLF10;CXCL10;HEY1;MDFIC;SMARCA5;PDCD4;CCL2;SOD2;COQ10B",0,0
"99","celecoxib homo sapiens gpl8300 gds3384 chdir up","7/89",0.00269238443404119,0.0189826700501086,0,0,3.74531835205992,22.1622774205545,"CXCL10;MMP1;F13A1;CXCL1;CXCL3;CXCL2;TRIB2",0,0
"100","cyclophosphamide homo sapiens gpl5104 gse27930 chdir down","12/225",0.00297313781421277,0.0207525019432051,0,0,2.53968253968254,14.7762219194215,"TGIF1;CXCL6;H3F3B;HRH3;NAB1;INSIG1;CXCL1;MAP4;SF3B1;CLEC2D;PSMB9;IDH3A",0,0
"101","letrozole homo sapiens gpl96 gse5462 chdir up","7/92",0.00324525979712921,0.0224276370138237,0,0,3.6231884057971,20.7628980843557,"MUC1;GPNMB;APOC1;TNFSF10;HUWE1;CD36;LIPA",0,0
"102","paclitaxel homo sapiens gpl570 gse19136 chdir up","26/694",0.00334784475865361,0.0229097611915708,0,0,1.78399890215452,10.1677920194276,"IFITM3;IFITM1;IFITM2;C1S;C1R;PTEN;ARHGDIB;CD14;JUNB;SRGN;TGFB1;H3F3B;GADD45B;LAPTM5;HLA-B;HUWE1;EMP1;HLA-C;HLA-F;CP;SMAD7;TGFBR2;RYBP;MAFB;BCL6;PTPN2",0,0
"103","rosiglitazone rattus norvegicus gpl341 liver gds3850 chdir up","6/70",0.00349701421425979,0.0236982128306149,0,0,4.08163265306122,23.0850847192165,"VTN;AHSG;ALB;APOA2;APOA1;F2",0,0
"104","cholecalciferol mus musculus gpl339 gse18993 chdir up","15/323",0.00361657376991268,0.0242727739557601,0,0,2.21141088014153,12.4330565540294,"ITSN2;TGFB1;CCL20;STAT3;PTEN;ATP12A;CLDN1;CP;IRF1;ZYX;CCL2;NFKBIE;TRIM21;GBP1;HBEGF",0,0
"105","captopril mus musculus gpl1261 gds3683 chdir up","50/1623",0.00404058891504206,0.026860295835232,0,0,1.46700701229352,8.08521084790457,"LGALS3BP;IFITM2;F13A1;PIK3CD;HMGB3;TNFAIP3;SNX10;ZDHHC7;CD3E;LIPA;IFIT3;RCBTB2;UPK1B;NAMPT;RAC2;PHGDH;DENND5A;IDH3A;HIST1H1C;WARS;MMD;SDHD;UPK3B;COQ10B;TGFBR2;IRF1;PCCB;IRF7;C1QB;TSTA3;NXPH4;MRPS31;GNAI2;CRYZ;CUX1;UBR5;SHOC2;DECR1;SOD2;IGF2R;BST2;ALB;CDC16;XAF1;R3HDM1;RGL2;TMEM9B;ZCCHC2;MSRB1;EIF4G1",0,0
"106","tocilizumab homo sapiens gpl6244 gse25160 chdir down","10/176",0.0041454018129336,0.027297079862525,0,0,2.70562770562771,14.8424122183586,"CXCL10;RSAD2;MMD;NAMPT;HIST1H2BK;F13A1;CCL2;IFIT1;SOD2;IFIT3",0,0
"107","nicotine rattus norvegicus gpl2896 gse13311 chdir up","9/150",0.0044930600892199,0.0293098686193971,0,0,2.85714285714286,15.4434893571989,"CCL20;MX1;IRF7;PSME2;SHOC2;CD14;SOD2;SF3B1;LY6E",0,0
"108","dipyridamole mus musculus gpl6246 gse43833 chdir down","11/209",0.00481918962212117,0.0311462440392646,0,0,2.5062656641604,13.3713019880837,"IFITM3;LGALS3BP;H3F3B;DDX58;OAS2;STAT3;IRF7;IFI44;EMP1;IFIT1;IFIT3",0,0
"109","rosiglitazone homo sapiens gpl570 gds2453 chdir up","16/366",0.00483617477813929,0.0309692660104699,0,0,2.08170699973979,11.0988940012037,"SERPINA1;CD83;INSIG1;HIST1H2BK;EMP1;GLRX;LYZ;ARL4C;MOB1A;HLA-DMB;BCL6;IFI16;AP1S2;TRIB1;SF3B1;BIRC3",0,0
"110","pioglitazone mus musculus gpl6246 gse37534 chdir up","6/75",0.00492166144077995,0.0312301789605855,0,0,3.80952380952381,20.2442251972089,"SRGN;STAT4;LAPTM5;IL2RG;SIDT2;LY6E",0,0
"111","pioglitazone rattus norvegicus gpl341 liver gds3850 chdir up","7/101",0.00543046006121474,0.0341482984029539,0,0,3.3003300330033,17.2136350587561,"FGB;FGA;IFI27;AHSG;FGG;F2;CP",0,0
"112","everolimus mus musculus gpl6885 gse37129 chdir down","7/102",0.00572817294783364,0.0356987921213204,0,0,3.26797385620915,16.8704531254016,"ITIH2;GPNMB;AHSG;LAPTM5;APOA1;CXCL1;HABP2",0,0
"113","deferoxamine homo sapiens gpl91 gse1056 chdir down","10/185",0.00586403245673492,0.0362220765911591,0,0,2.57400257400257,13.2275875920186,"IFITM3;BST2;EBP;IFITM2;SDHD;IFI30;APOB;JUNB;NFKB1;AARS",0,0
"114","estradiol homo sapiens gpl96 gse2251 chdir up","9/158",0.00628144767493895,0.0384600919044508,0,0,2.7124773960217,13.7526802990441,"PDP1;CLDND1;PLAU;HLA-B;HLA-C;HMGB3;MAP4;PHLDA1;LITAF",0,0
"115","vorinostat homo sapiens gpl6884 gse46703 chdir down","4/36",0.00664056710534829,0.0403053551263748,0,0,5.29100529100529,26.5320524429039,"IFITM3;ARHGDIB;MX1;IRF9",0,0
"116","menadione mus musculus gpl1261 gse23725 chdir down","14/314",0.00687359913986841,0.0413601051692082,0,0,2.12314225053079,10.5733915449371,"IFITM3;IFITM1;MMD;STXBP1;NAB1;USP3;MMP2;STAT3;UPK3B;AXL;UBR5;MPZL1;AARS;HIST1H1C",0,0
"117","isopropyl alcohol rattus norvegicus gpl341 gse1888 chdir up","23/627",0.0071785042750001,0.042825606700428,0,0,1.74679122047543,8.62332174564993,"KLF10;COL15A1;IFITM2;H3F3B;C1R;SCAF11;INSIG1;EMP1;WBP1L;SDHD;CP;IGF2R;ELK3;SULT1A1;BST2;SCPEP1;MUC1;INPP5F;NKX2-1;CD36;SH2B3;TRIB2;MPZL1",0,0
"118","estradiol homo sapiens gpl570 gse29881 chdir up","14/316",0.00725085728289381,0.0428906642666091,0,0,2.10970464135021,10.3937459307799,"IFITM1;MMP1;HUWE1;PTEN;EMP1;LIPA;TANK;IFI16;RB1CC1;TNFSF10;RAC2;PLXNA1;CCL2;KCTD12",0,0
"119","estradiol homo sapiens gpl96 gse2251 chdir down","7/107",0.0074031911007078,0.0434237595654962,0,0,3.11526479750779,15.2830035573193,"MUC1;SERPINA1;RAC2;LAPTM5;ATP2B4;ISG15;GLRX",0,0
"120","rosiglitazone rattus norvegicus gpl341 adipose tissue gds3850 chdir down","14/318",0.00764442949627416,0.0444650982366613,0,0,2.09643605870021,10.2175640813631,"IFITM3;IFITM1;H3F3B;C1S;MMD;MMP2;LAPTM5;NREP;IGF2R;GNAI2;SCPEP1;MDFIC;AXL;ARHGDIB",0,0
"121","cyclosporine homo sapiens gpl96 gse30952 chdir up","7/109",0.00816565305349494,0.0471043457135493,0,0,3.05810397553517,14.7028090938873,"WARS;H3F3B;PLAU;HLA-B;ASNS;CYBA;AARS",0,0
"122","vorinostat homo sapiens gpl571 gse18544 chdir up","13/288",0.00817950482582932,0.0467974948231874,0,0,2.1494708994709,10.3306229570458,"KLF10;C1S;PHF11;HLA-F;N4BP2L2;RYBP;MAFB;IRF7;TRIB1;PHLDA1;GBP1;PTPN2;BANP",0,0
"123","vorinostat homo sapiens gpl6947 gse41504 chdir up","21/563",0.00833579013687597,0.0473039147604832,0,0,1.77619893428064,8.50301415596226,"C1QB;SRGN;H3F3B;MMD;TNFAIP3;CXCL3;IFI44L;CCNB1IP1;PJA1;HERC5;SCPEP1;HLA-DMA;EHD4;BCL6;OAS1;NFE2L3;KCTD12;TRIB1;MPZL1;HIST1H1C;B4GALT5",0,0
"124","cyclophosphamide mus musculus gpl13209 gse27423 chdir down","6/84",0.00849516558499588,0.0478195611155413,0,0,3.40136054421769,16.2185647346753,"CXCL10;PDCD4;ZYX;IL2RG;SMARCA2;CP",0,0
"125","dexamethasone mus musculus gpl339 gse2342 chdir down","11/226",0.00850269101164071,0.0474790266090017,0,0,2.31774125579435,11.049536101103,"CD53;SRGN;IFITM1;TGFB1;MAX;STXBP1;TDG;ASNS;HMGB3;PHGDH;PHLDA1",0,0
"126","valproic acid homo sapiens gpl6244 gse23909 chdir up","12/258",0.00866331650080212,0.0479920231552371,0,0,2.21483942414175,10.5175142014644,"CXCL10;PHF11;HIST1H2BK;EMP1;CCL2;IFI35;NMI;XAF1;CXCL2;IFIT3;TRIM22;IFIT2",0,0
"127","hydrocortisone homo sapiens keloid scar gds3071 chdir up","39/1249",0.00871382182000767,0.0478917136249241,0,0,1.48690380876129,7.05215399607221,"FLG;NOTCH2;COL15A1;C1S;C1R;PTEN;NREP;KLC1;LITAF;N4BP2L2;ANKMY2;ATXN1;GPNMB;IFI16;RB1CC1;PLXNA1;PHGDH;DENND5A;GBP1;ZBTB18;KLF10;WARS;H3F3B;SCAF11;MMP1;DESI2;MMP2;C1GALT1;HLA-B;NBPF10;ATP2B4;ASNS;HLA-C;NMI;HLA-F;ARL4C;MDFIC;AXL;ZYX",0,0
"128","methotrexate homo sapiens gpl571 gse9412 chdir up","25/712",0.0088089708665098,0.0480364192564363,0,0,1.67201712145532,7.91195937015354,"SERPINA1;FAM89B;TUBGCP2;HIST1H2BK;SPATA20;IFI30;LITAF;SULT1A1;SPRED2;HLA-DMA;EBP;MUC1;NT5DC2;RNPEP;RAC2;TLE1;HUWE1;CYBA;H2BFS;NIPSNAP1;SNX17;MMS19;MAN2B1;RBCK1;MSRB1",8,2
"129","cisplatin homo sapiens gpl570 gse23553 chdir up","63/2231",0.00895879447025991,0.0484747173662125,0,0,1.34468848050202,6.34036701942264,"DENND1B;LPGAT1;PSCA;NAB1;LITAF;IFIT3;IFI44L;CLGN;EPS8;RB1CC1;NAMPT;TNFSF10;RAC2;NBN;TRIM22;TLE1;RSAD2;SCAF11;DDX58;MMP1;HLA-B;NBPF10;CYBA;VRK2;SDHD;TAPBP;DYNC1LI1;PLSCR1;IFI27;OAS1;OAS2;LY6D;POLR1E;PIK3C3;TRIB1;NAPA;TMF1;TUBGCP2;MVP;KLC1;DDX60;TANK;CRYZ;EBP;ATXN1;CUX1;MAP4;RPRD1A;SF3B1;GBP1;ZNF267;MPZL1;ERAP2;C1GALT1;TDRD7;ISG15;NMI;SOD2;CLEC2B;CHMP2B;XAF1;PTPN2;EIF4G1",3.17460317460317,2
"130","celecoxib homo sapiens gpl8300 gse11237 chdir down","6/85",0.00898306667106045,0.0482321579723092,0,0,3.36134453781513,15.8400469070515,"CXCL10;MMP1;F13A1;CXCL3;CXCL2;TRIB2",0,0
"131","sirolimus homo sapiens gpl96 gds2494 chdir up","20/533",0.00931042584170518,0.0496082231871009,0,0,1.78683105512374,8.35633065039152,"CD53;IFITM1;H3F3B;SCAF11;GTF2B;STAT3;LAPTM5;PRPF40A;ISG15;PSMB8;CCNB1IP1;MOB1A;EBP;IFI16;OXCT1;PDCD4;PSME2;RBCK1;PTPN2;DECR1",0,0
